,ΣΧΟΛΙΚΗ ΕΠΙΤΡΟΠΗ,MICROSOFT WIRED 400,ΚΤ-125632,-,,-,1223 στις 21/12/2009
,ΣΧΟΛΙΚΗ ΕΠΙΤΡΟΠΗ,MICROSOFT WIRED 400,ΚΤ-125633,-,,-,1223 στις 21/12/2009
,ΣΧΟΛΙΚΗ ΕΠΙΤΡΟΠΗ,MICROSOFT WIRED 400,ΚΤ-125634,-,,-,1223 στις 21/12/2009
,ΣΧΟΛΙΚΗ ΕΠΙΤΡΟΠΗ,MICROSOFT WIRED 400,ΚΤ-125635,-,,-,1223 στις 21/12/2009
,ΣΧΟΛΙΚΗ ΕΠΙΤΡΟΠΗ,MICROSOFT WIRED 400,ΚΤ-125636,-,,-,1223 στις 21/12/2009
,ΣΧΟΛΙΚΗ ΕΠΙΤΡΟΠΗ,MICROSOFT WIRED 400,ΚΤ-125637,-,,-,1223 στις 21/12/2009
,ΣΧΟΛΙΚΗ ΕΠΙΤΡΟΠΗ,MICROSOFT WIRED 400,ΚΤ-125638,-,,-,1223 στις 21/12/2009
,ΣΧΟΛΙΚΗ ΕΠΙΤΡΟΠΗ,MICROSOFT WIRED 400,ΚΤ-125639,-,,-,1223 στις 21/12/2009
,ΣΧΟΛΙΚΗ ΕΠΙΤΡΟΠΗ,MICROSOFT WIRED 400,ΚΤ-125640,-,,-,1223 στις 21/12/2009
,ΣΧΟΛΙΚΗ ΕΠΙΤΡΟΠΗ,MICROSOFT WIRED 400,ΚΤ-125641,-,,-,1223 στις 21/12/2009
,ΣΧΟΛΙΚΗ ΕΠΙΤΡΟΠΗ,LG FLATRON W1943SS,ΚΤ-125642,-,,-,1223 στις 21/12/2009
,ΣΧΟΛΙΚΗ ΕΠΙΤΡΟΠΗ,LG FLATRON W1943SS,ΚΤ-125643,-,,-,1223 στις 21/12/2009
,ΣΧΟΛΙΚΗ ΕΠΙΤΡΟΠΗ,LG FLATRON W1943SS,ΚΤ-125644,-,,-,1223 στις 21/12/2009
,ΣΧΟΛΙΚΗ ΕΠΙΤΡΟΠΗ,LG FLATRON W1943SS,ΚΤ-125645,-,,-,1223 στις 21/12/2009
,ΣΧΟΛΙΚΗ ΕΠΙΤΡΟΠΗ,LG FLATRON W1943SS,ΚΤ-125646,-,,-,1223 στις 21/12/2009
,ΣΧΟΛΙΚΗ ΕΠΙΤΡΟΠΗ,LG FLATRON W1943SS,ΚΤ-125647,-,,-,1223 στις 21/12/2009
,ΣΧΟΛΙΚΗ ΕΠΙΤΡΟΠΗ,LG FLATRON W1943SS,ΚΤ-125648,-,,-,1223 στις 21/12/2009
,ΣΧΟΛΙΚΗ ΕΠΙΤΡΟΠΗ,LG FLATRON W1943SS,ΚΤ-125649,-,,-,1223 στις 21/12/2009
,ΣΧΟΛΙΚΗ ΕΠΙΤΡΟΠΗ,LG FLATRON W1943SS,ΚΤ-125650,-,,-,1223 στις 21/12/2009
,ΣΧΟΛΙΚΗ ΕΠΙΤΡΟΠΗ,LG FLATRON W1943SS,ΚΤ-125651,-,,-,1223 στις 21/12/2009
,ΣΧΟΛΙΚΗ ΕΠΙΤΡΟΠΗ,LG FLATRON W1943SS,ΚΤ-125652,-,,-,1223 στις 21/12/2009
,ΣΧΟΛΙΚΗ ΕΠΙΤΡΟΠΗ,GENERIC WORKSTATION,ΚΤ-125653,-,GENERIC TOWER MIDI
SEAGATE BARRACUDA 3.5" SATA 320GB
LG GH22NS40 DVD- R/W
GENERIC DDR2 SDRAM 2GB 666MHz
INTEL E7400 CORE 2 DUO 2.8 GHz
WINDOWS VISTA HOME PREMIUM 32bit
ASUS P5KPL-AM SOCKET 775,-,1223 στις 21/12/2009
,ΣΧΟΛΙΚΗ ΕΠΙΤΡΟΠΗ,GENERIC WORKSTATION,ΚΤ-125654,-,GENERIC TOWER MIDI
SEAGATE BARRACUDA 3.5" SATA 320GB
LG GH22NS40 DVD- R/W
GENERIC DDR2 SDRAM 2GB 666MHz
INTEL E7400 CORE 2 DUO 2.8 GHz
WINDOWS VISTA HOME PREMIUM 32bit
ASUS P5KPL-AM SOCKET 775,-,1223 στις 21/12/2009
,ΣΧΟΛΙΚΗ ΕΠΙΤΡΟΠΗ,GENERIC WORKSTATION,ΚΤ-125655,-,GENERIC TOWER MIDI
SEAGATE BARRACUDA 3.5" SATA 320GB
LG GH22NS40 DVD- R/W
GENERIC DDR2 SDRAM 2GB 666MHz
INTEL E7400 CORE 2 DUO 2.8 GHz
WINDOWS VISTA HOME PREMIUM 32bit
ASUS P5KPL-AM SOCKET 775,-,1223 στις 21/12/2009
,ΣΧΟΛΙΚΗ ΕΠΙΤΡΟΠΗ,GENERIC WORKSTATION,ΚΤ-125656,-,GENERIC TOWER MIDI
SEAGATE BARRACUDA 3.5" SATA 320GB
LG GH22NS40 DVD- R/W
GENERIC DDR2 SDRAM 2GB 666MHz
INTEL E7400 CORE 2 DUO 2.8 GHz
WINDOWS VISTA HOME PREMIUM 32bit
ASUS P5KPL-AM SOCKET 775,-,1223 στις 21/12/2009
,ΣΧΟΛΙΚΗ ΕΠΙΤΡΟΠΗ,GENERIC WORKSTATION,ΚΤ-125657,-,GENERIC TOWER MIDI
SEAGATE BARRACUDA 3.5" SATA 320GB
LG GH22NS40 DVD- R/W
GENERIC DDR2 SDRAM 2GB 666MHz
INTEL E7400 CORE 2 DUO 2.8 GHz
WINDOWS VISTA HOME PREMIUM 32bit
ASUS P5KPL-AM SOCKET 775,-,1223 στις 21/12/2009
,ΣΧΟΛΙΚΗ ΕΠΙΤΡΟΠΗ,GENERIC WORKSTATION,ΚΤ-125658,-,GENERIC TOWER MIDI
SEAGATE BARRACUDA 3.5" SATA 320GB
LG GH22NS40 DVD- R/W
GENERIC DDR2 SDRAM 2GB 666MHz
INTEL E7400 CORE 2 DUO 2.8 GHz
WINDOWS VISTA HOME PREMIUM 32bit
ASUS P5KPL-AM SOCKET 775,-,1223 στις 21/12/2009
,ΣΧΟΛΙΚΗ ΕΠΙΤΡΟΠΗ,GENERIC WORKSTATION,ΚΤ-125659,-,GENERIC TOWER MIDI
SEAGATE BARRACUDA 3.5" SATA 320GB
LG GH22NS40 DVD- R/W
GENERIC DDR2 SDRAM 2GB 666MHz
INTEL E7400 CORE 2 DUO 2.8 GHz
WINDOWS VISTA HOME PREMIUM 32bit
ASUS P5KPL-AM SOCKET 775,-,1223 στις 21/12/2009
,ΣΧΟΛΙΚΗ ΕΠΙΤΡΟΠΗ,GENERIC WORKSTATION,ΚΤ-125660,-,GENERIC TOWER MIDI
SEAGATE BARRACUDA 3.5" SATA 320GB
LG GH22NS40 DVD- R/W
GENERIC DDR2 SDRAM 2GB 666MHz
INTEL E7400 CORE 2 DUO 2.8 GHz
WINDOWS VISTA HOME PREMIUM 32bit
ASUS P5KPL-AM SOCKET 775,-,1223 στις 21/12/2009
,ΣΧΟΛΙΚΗ ΕΠΙΤΡΟΠΗ,GENERIC WORKSTATION,ΚΤ-125661,-,GENERIC TOWER MIDI
SEAGATE BARRACUDA 3.5" SATA 320GB
LG GH22NS40 DVD- R/W
GENERIC DDR2 SDRAM 2GB 666MHz
INTEL E7400 CORE 2 DUO 2.8 GHz
WINDOWS VISTA HOME PREMIUM 32bit
ASUS P5KPL-AM SOCKET 775,-,1223 στις 21/12/2009
,ΣΧΟΛΙΚΗ ΕΠΙΤΡΟΠΗ,GENERIC WORKSTATION,ΚΤ-125662,-,GENERIC TOWER MIDI
SEAGATE BARRACUDA 3.5" SATA 320GB
LG GH22NS40 DVD- R/W
GENERIC DDR2 SDRAM 2GB 666MHz
INTEL E7400 CORE 2 DUO 2.8 GHz
WINDOWS VISTA HOME PREMIUM 32bit
ASUS P5KPL-AM SOCKET 775,-,1223 στις 21/12/2009
,ΣΧΟΛΙΚΗ ΕΠΙΤΡΟΠΗ,GENERIC WORKSTATION,ΚΤ-125663,-,GENERIC TOWER MIDI
SEAGATE BARRACUDA 3.5" SATA 320GB
LG GH22NS40 DVD- R/W
GENERIC DDR2 SDRAM 2GB 666MHz
INTEL E7400 CORE 2 DUO 2.8 GHz
WINDOWS VISTA HOME PREMIUM 32bit
ASUS P5KPL-AM SOCKET 775,-,1223 στις 21/12/2009
,ΣΧΟΛΙΚΗ ΕΠΙΤΡΟΠΗ,GENIUS SP-S110 basic speakers,ΚΤ-125664,-,,-,1223 στις 21/12/2009
,ΣΧΟΛΙΚΗ ΕΠΙΤΡΟΠΗ,GENIUS SP-S110 basic speakers,ΚΤ-125665,-,,-,1223 στις 21/12/2009
,ΣΧΟΛΙΚΗ ΕΠΙΤΡΟΠΗ,MICROSOFT BASIC OPTICAL MOUSE 1.0A,ΚΤ-125666,-,,-,1223 στις 21/12/2009
,ΣΧΟΛΙΚΗ ΕΠΙΤΡΟΠΗ,MICROSOFT BASIC OPTICAL MOUSE 1.0A,ΚΤ-125667,-,,-,1223 στις 21/12/2009
,ΣΧΟΛΙΚΗ ΕΠΙΤΡΟΠΗ,MICROSOFT BASIC OPTICAL MOUSE 1.0A,ΚΤ-125668,-,,-,1223 στις 21/12/2009
,ΣΧΟΛΙΚΗ ΕΠΙΤΡΟΠΗ,MICROSOFT BASIC OPTICAL MOUSE 1.0A,ΚΤ-125669,-,,-,1223 στις 21/12/2009
,ΣΧΟΛΙΚΗ ΕΠΙΤΡΟΠΗ,MICROSOFT BASIC OPTICAL MOUSE 1.0A,ΚΤ-125670,-,,-,1223 στις 21/12/2009
,ΣΧΟΛΙΚΗ ΕΠΙΤΡΟΠΗ,MICROSOFT BASIC OPTICAL MOUSE 1.0A,ΚΤ-125671,-,,-,1223 στις 21/12/2009
,ΣΧΟΛΙΚΗ ΕΠΙΤΡΟΠΗ,MICROSOFT BASIC OPTICAL MOUSE 1.0A,ΚΤ-125672,-,,-,1223 στις 21/12/2009
,ΣΧΟΛΙΚΗ ΕΠΙΤΡΟΠΗ,MICROSOFT BASIC OPTICAL MOUSE 1.0A,ΚΤ-125673,-,,-,1223 στις 21/12/2009
,ΣΧΟΛΙΚΗ ΕΠΙΤΡΟΠΗ,MICROSOFT BASIC OPTICAL MOUSE 1.0A,ΚΤ-125674,-,,-,1223 στις 21/12/2009
,ΣΧΟΛΙΚΗ ΕΠΙΤΡΟΠΗ,MICROSOFT BASIC OPTICAL MOUSE 1.0A,ΚΤ-125675,-,,-,1223 στις 21/12/2009
,ΣΧΟΛΙΚΗ ΕΠΙΤΡΟΠΗ,WHEEL MOUSE OPTICAL,ΚΤ-125676,-,,-,1223 στις 21/12/2009
,ΣΧΟΛΙΚΗ ΕΠΙΤΡΟΠΗ,MANHATTAN SPEAKERS 2300,ΚΤ-125677,-,,-,1223 στις 21/12/2009
,ΣΧΟΛΙΚΗ ΕΠΙΤΡΟΠΗ,MANHATTAN SPEAKERS 2300,ΚΤ-125678,-,,-,1223 στις 21/12/2009
,ΣΧΟΛΙΚΗ ΕΠΙΤΡΟΠΗ,MANHATTAN SPEAKERS 2300,ΚΤ-125679,-,,-,1223 στις 21/12/2009
,ΣΧΟΛΙΚΗ ΕΠΙΤΡΟΠΗ,MANHATTAN SPEAKERS 2300,ΚΤ-125680,-,,-,1223 στις 21/12/2009
,ΣΧΟΛΙΚΗ ΕΠΙΤΡΟΠΗ,MANHATTAN SPEAKERS 2300,ΚΤ-125681,-,,-,1223 στις 21/12/2009
,ΣΧΟΛΙΚΗ ΕΠΙΤΡΟΠΗ,MANHATTAN SPEAKERS 2300,ΚΤ-125682,-,,-,1223 στις 21/12/2009
,ΣΧΟΛΙΚΗ ΕΠΙΤΡΟΠΗ,MANHATTAN SPEAKERS 2300,ΚΤ-125683,-,,-,1223 στις 21/12/2009
,ΣΧΟΛΙΚΗ ΕΠΙΤΡΟΠΗ,MANHATTAN SPEAKERS 2300,ΚΤ-125684,-,,-,1223 στις 21/12/2009
,ΚΡΑΤΙΚΟΣ ΠΡΟΥΠΟΛΟΓΙΣΜΟΣ,TURBO-X ΠΛΗΚΤΡΟΛΟΓΙΟ,ΚΤ-125685,-,,-,ΤΔ411/148294 στις 23/11/2007
,ΚΡΑΤΙΚΟΣ ΠΡΟΥΠΟΛΟΓΙΣΜΟΣ,TURBO-X ΠΛΗΚΤΡΟΛΟΓΙΟ,ΚΤ-125686,-,,-,ΤΔ411/148294 στις 23/11/2007
,ΚΡΑΤΙΚΟΣ ΠΡΟΥΠΟΛΟΓΙΣΜΟΣ,TURBO-X ΠΛΗΚΤΡΟΛΟΓΙΟ,ΚΤ-125687,-,,-,ΤΔ411/148294 στις 23/11/2007
,ΚΡΑΤΙΚΟΣ ΠΡΟΥΠΟΛΟΓΙΣΜΟΣ,TURBO-X ΠΛΗΚΤΡΟΛΟΓΙΟ,ΚΤ-125688,-,,-,ΤΔ411/148294 στις 23/11/2007
,ΚΡΑΤΙΚΟΣ ΠΡΟΥΠΟΛΟΓΙΣΜΟΣ,TURBO-X ΠΛΗΚΤΡΟΛΟΓΙΟ,ΚΤ-125689,-,,-,ΤΔ411/148294 στις 23/11/2007
,ΚΡΑΤΙΚΟΣ ΠΡΟΥΠΟΛΟΓΙΣΜΟΣ,TURBO-X ΠΛΗΚΤΡΟΛΟΓΙΟ,ΚΤ-125690,-,,-,ΤΔ411/148294 στις 23/11/2007
,ΚΡΑΤΙΚΟΣ ΠΡΟΥΠΟΛΟΓΙΣΜΟΣ,TURBO-X ΠΛΗΚΤΡΟΛΟΓΙΟ,ΚΤ-125691,-,,-,ΤΔ411/148294 στις 23/11/2007
,ΚΡΑΤΙΚΟΣ ΠΡΟΥΠΟΛΟΓΙΣΜΟΣ,TURBO-X ΠΛΗΚΤΡΟΛΟΓΙΟ,ΚΤ-125692,-,,-,ΤΔ411/148294 στις 23/11/2007
,ΚΡΑΤΙΚΟΣ ΠΡΟΥΠΟΛΟΓΙΣΜΟΣ,TURBO-X ΠΛΗΚΤΡΟΛΟΓΙΟ,ΚΤ-125693,-,,-,ΤΔ411/148294 στις 23/11/2007
,ΚΡΑΤΙΚΟΣ ΠΡΟΥΠΟΛΟΓΙΣΜΟΣ,TURBO-X ΠΛΗΚΤΡΟΛΟΓΙΟ,ΚΤ-125694,-,,-,ΤΔ411/148294 στις 23/11/2007
,ΚΡΑΤΙΚΟΣ ΠΡΟΥΠΟΛΟΓΙΣΜΟΣ,TURBO X WORKSTATION,ΚΤ-125695,-,INTEL E4500 CORE 2 DUO 2.2 GHz
SAMSUNG Spinpoint 3.5" SATA 320GB
WINDOWS VISTA HOME PREMIUM 32bit
GENERIC DDR2 SDRAM 1GB 666MHz
LG GSA-H50LRBB LSCRIBE DVD- R/W
GENERIC TOWER MIDI
ASUS P5KPL-VM SOCKET 775,Lab4pc1,ΤΔ411/148294 στις 23/11/2007
,ΚΡΑΤΙΚΟΣ ΠΡΟΥΠΟΛΟΓΙΣΜΟΣ,TURBO X WORKSTATION,ΚΤ-125696,-,INTEL E4500 CORE 2 DUO 2.2 GHz
SAMSUNG Spinpoint 3.5" SATA 320GB
WINDOWS VISTA HOME PREMIUM 32bit
GENERIC DDR2 SDRAM 1GB 666MHz
LG GSA-H50LRBB LSCRIBE DVD- R/W
GENERIC TOWER MIDI
ASUS P5KPL-VM SOCKET 775,Lab4pc2,ΤΔ411/148294 στις 23/11/2007
,ΚΡΑΤΙΚΟΣ ΠΡΟΥΠΟΛΟΓΙΣΜΟΣ,TURBO X WORKSTATION,ΚΤ-125697,-,INTEL E4500 CORE 2 DUO 2.2 GHz
WINDOWS VISTA HOME PREMIUM 32bit
GENERIC DDR2 SDRAM 1GB 666MHz
LG GSA-H50LRBB LSCRIBE DVD- R/W
GENERIC TOWER MIDI
ASUS P5KPL-VM SOCKET 775
SEAGATE 3.5" ATA 500GB,Lab4pc3,ΤΔ411/148294 στις 23/11/2007
,ΚΡΑΤΙΚΟΣ ΠΡΟΥΠΟΛΟΓΙΣΜΟΣ,TURBO X WORKSTATION,ΚΤ-125698,-,INTEL E4500 CORE 2 DUO 2.2 GHz
SAMSUNG Spinpoint 3.5" SATA 320GB
WINDOWS VISTA HOME PREMIUM 32bit
GENERIC DDR2 SDRAM 1GB 666MHz
LG GSA-H50LRBB LSCRIBE DVD- R/W
GENERIC TOWER MIDI
ASUS P5KPL-VM SOCKET 775,-,ΤΔ411/148294 στις 23/11/2007
,ΚΡΑΤΙΚΟΣ ΠΡΟΥΠΟΛΟΓΙΣΜΟΣ,TURBO X WORKSTATION,ΚΤ-125699,-,INTEL E4500 CORE 2 DUO 2.2 GHz
SAMSUNG Spinpoint 3.5" SATA 320GB
WINDOWS VISTA HOME PREMIUM 32bit
GENERIC DDR2 SDRAM 1GB 666MHz
LG GSA-H50LRBB LSCRIBE DVD- R/W
GENERIC TOWER MIDI
ASUS P5KPL-VM SOCKET 775,Lab4pc5,ΤΔ411/148294 στις 23/11/2007
,ΚΡΑΤΙΚΟΣ ΠΡΟΥΠΟΛΟΓΙΣΜΟΣ,TURBO X WORKSTATION,ΚΤ-125700,-,INTEL E4500 CORE 2 DUO 2.2 GHz
SAMSUNG Spinpoint 3.5" SATA 320GB
WINDOWS VISTA HOME PREMIUM 32bit
GENERIC DDR2 SDRAM 1GB 666MHz
LG GSA-H50LRBB LSCRIBE DVD- R/W
GENERIC TOWER MIDI
ASUS P5KPL-VM SOCKET 775,-,ΤΔ411/148294 στις 23/11/2007
,ΚΡΑΤΙΚΟΣ ΠΡΟΥΠΟΛΟΓΙΣΜΟΣ,TURBO X WORKSTATION,ΚΤ-125701,-,INTEL E4500 CORE 2 DUO 2.2 GHz
SAMSUNG Spinpoint 3.5" SATA 320GB
WINDOWS VISTA HOME PREMIUM 32bit
GENERIC DDR2 SDRAM 1GB 666MHz
LG GSA-H50LRBB LSCRIBE DVD- R/W
GENERIC TOWER MIDI
ASUS P5KPL-VM SOCKET 775,-,ΤΔ411/148294 στις 23/11/2007
,ΚΡΑΤΙΚΟΣ ΠΡΟΥΠΟΛΟΓΙΣΜΟΣ,TURBO X WORKSTATION,ΚΤ-125702,-,INTEL E4500 CORE 2 DUO 2.2 GHz
SAMSUNG Spinpoint 3.5" SATA 320GB
WINDOWS VISTA HOME PREMIUM 32bit
GENERIC DDR2 SDRAM 1GB 666MHz
LG GSA-H50LRBB LSCRIBE DVD- R/W
GENERIC TOWER MIDI
ASUS P5KPL-VM SOCKET 775,-,ΤΔ411/148294 στις 23/11/2007
,ΚΡΑΤΙΚΟΣ ΠΡΟΥΠΟΛΟΓΙΣΜΟΣ,TURBO X WORKSTATION,ΚΤ-125703,-,INTEL E4500 CORE 2 DUO 2.2 GHz
SAMSUNG Spinpoint 3.5" SATA 320GB
WINDOWS VISTA HOME PREMIUM 32bit
GENERIC DDR2 SDRAM 1GB 666MHz
LG GSA-H50LRBB LSCRIBE DVD- R/W
GENERIC TOWER MIDI
ASUS P5KPL-VM SOCKET 775,-,ΤΔ411/148294 στις 23/11/2007
,ΚΡΑΤΙΚΟΣ ΠΡΟΥΠΟΛΟΓΙΣΜΟΣ,TURBO X WORKSTATION,ΚΤ-125704,-,INTEL E4500 CORE 2 DUO 2.2 GHz
SAMSUNG Spinpoint 3.5" SATA 320GB
WINDOWS VISTA HOME PREMIUM 32bit
GENERIC DDR2 SDRAM 1GB 666MHz
LG GSA-H50LRBB LSCRIBE DVD- R/W
GENERIC TOWER MIDI
ASUS P5KPL-VM SOCKET 775,-,ΤΔ411/148294 στις 23/11/2007
,ΚΡΑΤΙΚΟΣ ΠΡΟΥΠΟΛΟΓΙΣΜΟΣ,SWEEX MOUSE PS/2 BLACK,ΚΤ-125705,-,,-,ΤΔ411/148294 στις 23/11/2007
,ΚΡΑΤΙΚΟΣ ΠΡΟΥΠΟΛΟΓΙΣΜΟΣ,SWEEX MOUSE PS/2 BLACK,ΚΤ-125706,-,,-,ΤΔ411/148294 στις 23/11/2007
,ΚΡΑΤΙΚΟΣ ΠΡΟΥΠΟΛΟΓΙΣΜΟΣ,SWEEX MOUSE PS/2 BLACK,ΚΤ-125707,-,,-,ΤΔ411/148294 στις 23/11/2007
,ΚΡΑΤΙΚΟΣ ΠΡΟΥΠΟΛΟΓΙΣΜΟΣ,SWEEX MOUSE PS/2 BLACK,ΚΤ-125708,-,,-,ΤΔ411/148294 στις 23/11/2007
,ΚΡΑΤΙΚΟΣ ΠΡΟΥΠΟΛΟΓΙΣΜΟΣ,SWEEX MOUSE PS/2 BLACK,ΚΤ-125709,-,,-,ΤΔ411/148294 στις 23/11/2007
,ΚΡΑΤΙΚΟΣ ΠΡΟΥΠΟΛΟΓΙΣΜΟΣ,SWEEX MOUSE PS/2 BLACK,ΚΤ-125710,-,,-,ΤΔ411/148294 στις 23/11/2007
,ΚΡΑΤΙΚΟΣ ΠΡΟΥΠΟΛΟΓΙΣΜΟΣ,MICROSOFT BASIC OPTICAL MOUSE 1.0A,ΚΤ-125711,-,,-,ΤΔ411/148294 στις 23/11/2007
,ΚΡΑΤΙΚΟΣ ΠΡΟΥΠΟΛΟΓΙΣΜΟΣ,BTC OPTICAL MOUSE,ΚΤ-125712,-,,-,ΤΔ411/148294 στις 23/11/2007
,ΚΡΑΤΙΚΟΣ ΠΡΟΥΠΟΛΟΓΙΣΜΟΣ,SWEEX MOUSE PS/2 BLACK,ΚΤ-125713,-,,-,ΤΔ411/148294 στις 23/11/2007
,ΚΡΑΤΙΚΟΣ ΠΡΟΥΠΟΛΟΓΙΣΜΟΣ,SWEEX MOUSE PS/2 BLACK,ΚΤ-125714,-,,-,ΤΔ411/148294 στις 23/11/2007
,ΚΡΑΤΙΚΟΣ ΠΡΟΥΠΟΛΟΓΙΣΜΟΣ,TURBO-X 72AM,ΚΤ-125715,-,,-,ΤΔ411/148294 στις 23/11/2007
,ΚΡΑΤΙΚΟΣ ΠΡΟΥΠΟΛΟΓΙΣΜΟΣ,TURBO-X 72AM,ΚΤ-125716,-,,-,ΤΔ411/148294 στις 23/11/2007
,ΚΡΑΤΙΚΟΣ ΠΡΟΥΠΟΛΟΓΙΣΜΟΣ,TURBO-X 72AM,ΚΤ-125717,-,,-,ΤΔ411/148294 στις 23/11/2007
,ΚΡΑΤΙΚΟΣ ΠΡΟΥΠΟΛΟΓΙΣΜΟΣ,TURBO-X 72AM,ΚΤ-125718,-,,-,ΤΔ411/148294 στις 23/11/2007
,ΚΡΑΤΙΚΟΣ ΠΡΟΥΠΟΛΟΓΙΣΜΟΣ,TURBO-X 72AM,ΚΤ-125719,-,,-,ΤΔ411/148294 στις 23/11/2007
,ΚΡΑΤΙΚΟΣ ΠΡΟΥΠΟΛΟΓΙΣΜΟΣ,TURBO-X 72AM,ΚΤ-125720,-,,-,ΤΔ411/148294 στις 23/11/2007
,ΚΡΑΤΙΚΟΣ ΠΡΟΥΠΟΛΟΓΙΣΜΟΣ,TURBO-X 72AM,ΚΤ-125721,-,,-,ΤΔ411/148294 στις 23/11/2007
,ΚΡΑΤΙΚΟΣ ΠΡΟΥΠΟΛΟΓΙΣΜΟΣ,TURBO-X 72AM,ΚΤ-125722,-,,-,ΤΔ411/148294 στις 23/11/2007
,ΚΡΑΤΙΚΟΣ ΠΡΟΥΠΟΛΟΓΙΣΜΟΣ,TURBO-X 72AM,ΚΤ-125723,-,,-,ΤΔ411/148294 στις 23/11/2007
,ΚΡΑΤΙΚΟΣ ΠΡΟΥΠΟΛΟΓΙΣΜΟΣ,TURBO-X 72AM,ΚΤ-125724,-,,-,ΤΔ411/148294 στις 23/11/2007
,ΣΧΟΛΙΚΗ ΕΠΙΤΡΟΠΗ,Genius KB-0138,ΚΤ-125725,-,,-,στις 01/10/2014
,ΣΧΟΛΙΚΗ ΕΠΙΤΡΟΠΗ,MICROSOFT OPTICAL MOUSE 100,ΚΤ-125726,-,,-,στις 01/10/2014
,ΣΧΟΛΙΚΗ ΕΠΙΤΡΟΠΗ,GENERIC WORKSTATION,ΚΤ-125727,-,AsRock 960GM-VGS3-FX SOCKET AM3+
GENERIC TOWER MIDI
KINGSTON DDR3 SDRAM 8GB 1333MHz
UBUNTU LINUX
WD CAVIAR BLUE 3.5" SATA 500GB
GENERIC ATX 450 Watt
AMD FX-8120 FX 3.1 GHz,-,στις 01/10/2014
,ΥΦΙΣΤΑΜΕΝΟΣ ΕΞΟΠΛΙΣΜΟΣ,GENERIC ΠΟΝΤΙΚΙ,ΚΤ-125729,-,,-,στις 01/10/2014
,ΥΦΙΣΤΑΜΕΝΟΣ ΕΞΟΠΛΙΣΜΟΣ,PLATO PC,ΚΤ-125730,-,AsRock 960GM-VGS3-FX SOCKET AM3+
UBUNTU LINUX
WD CAVIAR BLUE 3.5" ATA 250GB
GENERIC DDR2 SDRAM 2GB 666MHz
AMD 145 SEMPRON 2.8 GHz
GENERIC ATX 450 Watt
SONY OPTIARC AD-5170A DVD- R/W,-,στις 01/10/2014
,ΥΦΙΣΤΑΜΕΝΟΣ ΕΞΟΠΛΙΣΜΟΣ,CREATIVE CT6840,ΚΤ-125731,-,,-,στις 01/10/2014
,ΥΦΙΣΤΑΜΕΝΟΣ ΕΞΟΠΛΙΣΜΟΣ,ALTEC KWD-203,ΚΤ-126097,-,,-,στις 02/10/2014
,ΥΦΙΣΤΑΜΕΝΟΣ ΕΞΟΠΛΙΣΜΟΣ,GENERIC WORKSTATION,ΚΤ-126103,-,INTEL PENTIUM IV 1.8 GHz
GENERIC HDD < 40 GB
WINDOWS XP HOME EDITION
GENERIC DIMM 128MB 133MHz
REALTEK RTL8139 PCI FAST ETHERNET
NVIDIA RIVA TNT2 64MB
GENERIC 256MB DIMM 256MB,-,στις 02/10/2014
,ΥΦΙΣΤΑΜΕΝΟΣ ΕΞΟΠΛΙΣΜΟΣ,BTC 5107 KEYBOARD PS/2,ΚΤ-126104,-,,-,στις 02/10/2014
,ΥΦΙΣΤΑΜΕΝΟΣ ΕΞΟΠΛΙΣΜΟΣ,ACER 6511-TW,ΚΤ-126105,-,,-,στις 02/10/2014
,ΥΦΙΣΤΑΜΕΝΟΣ ΕΞΟΠΛΙΣΜΟΣ,WHEEL MOUSE OPTICAL,ΚΤ-126111,-,,-,στις 02/10/2014
,ΥΦΙΣΤΑΜΕΝΟΣ ΕΞΟΠΛΙΣΜΟΣ,WHEEL MOUSE OPTICAL,ΚΤ-126112,-,,-,στις 02/10/2014
,ΥΦΙΣΤΑΜΕΝΟΣ ΕΞΟΠΛΙΣΜΟΣ,WHEEL MOUSE OPTICAL,ΚΤ-126113,-,,-,στις 02/10/2014
,ΥΦΙΣΤΑΜΕΝΟΣ ΕΞΟΠΛΙΣΜΟΣ,PHILIPS,ΚΤ-126114,-,,-,στις 02/10/2014
,ΥΦΙΣΤΑΜΕΝΟΣ ΕΞΟΠΛΙΣΜΟΣ,TURBO-X ΠΛΗΚΤΡΟΛΟΓΙΟ,ΚΤ-126115,-,,-,στις 02/10/2014
,ΥΦΙΣΤΑΜΕΝΟΣ ΕΞΟΠΛΙΣΜΟΣ,TURBO-X ΠΛΗΚΤΡΟΛΟΓΙΟ,ΚΤ-126116,-,,-,στις 02/10/2014
,ΣΧΟΛΙΚΗ ΕΠΙΤΡΟΠΗ,TL-SG1024 24p RACKMOUNT,ΚΤ-16017,2147946001129,,-,1146/10 στις 27/10/2014
,ΣΧΟΛΙΚΗ ΕΠΙΤΡΟΠΗ,TURBO-X N150,ΚΤ-16032,-,,-,414664/ΤΔ129 στις 23/09/2014
,ΣΧΟΛΙΚΗ ΕΠΙΤΡΟΠΗ,GENERIC CABLE-560,ΚΤ-16039,-,,-,στις 06/05/2014
,ΣΧΟΛΙΚΗ ΕΠΙΤΡΟΠΗ,TP-Link TD-W8961NB ADSL Ν300 WIRELESS,ΚΤ-16040,13A63401526,,-,35103 στις 28/03/2014
,ΣΧΟΛΙΚΗ ΕΠΙΤΡΟΠΗ,MIKROTIK 2011UAS-RM,ΚΤ-16041,4CA904317F70,,-,2786 στις 04/03/2014
,ΣΧΟΛΙΚΗ ΕΠΙΤΡΟΠΗ,Turbo-X SW-810F 8-Port Switch 10/100Mbps,ΚΤ-16042,-,,-,285871 στις 18/12/2013
,ΣΧΟΛΙΚΗ ΕΠΙΤΡΟΠΗ,TurboX TX-185ELM,ΚΤ-16044,-,,-,285871 στις 18/12/2013
,ΣΧΟΛΙΚΗ ΕΠΙΤΡΟΠΗ,TurboX TX-185ELM,ΚΤ-16045,-,,-,285871 στις 18/12/2013
,ΕΠΙΧΕΙΡΗΣΙΑΚΟ / ΤΟΜΕΑΚΟ ΠΡΟΓΡΑΜΜΑ,RENTRON ΕΠΙΤΟΙΧΙΟ RACK 12U,ΚΤ-16052,-,,-,στις 09/10/2001
,ΣΧΟΛΙΚΗ ΕΠΙΤΡΟΠΗ,TL-SF1024D 24-Port 10/100Mbps,ΚΤ-16394,-,,-,315975/ΤΔ129 στις 16/10/2012
,ΥΦΙΣΤΑΜΕΝΟΣ ΕΞΟΠΛΙΣΜΟΣ,GENERIC WORKSTATION,ΚΤ-166394,-,UBUNTU LINUX
INTEL 82547EI GIGABIT ETHERNET CONTROLLER
GENERIC DDR3 SDRAM 2GB 1600MHz x2
SEAGATE 3.5" IDE 80GB
AMD 6300 FX 3.5 GHz
ASUS M5A78L-M/USB3 SOCKET AM3+
SAMSUNG SH-224 BB INTERNAL DVD- R/W,-,στις 01/09/2014
,ΥΦΙΣΤΑΜΕΝΟΣ ΕΞΟΠΛΙΣΜΟΣ,INNOVATOR KEYBOARD,ΚΤ-166396,-,,-,στις 01/09/2014
,ΥΦΙΣΤΑΜΕΝΟΣ ΕΞΟΠΛΙΣΜΟΣ,WHEEL MOUSE OPTICAL,ΚΤ-166397,-,,-,στις 01/09/2014
,ΥΦΙΣΤΑΜΕΝΟΣ ΕΞΟΠΛΙΣΜΟΣ,WHEEL MOUSE OPTICAL,ΚΤ-166398,-,,-,στις 01/09/2014
,ΥΦΙΣΤΑΜΕΝΟΣ ΕΞΟΠΛΙΣΜΟΣ,WHEEL MOUSE OPTICAL,ΚΤ-166399,-,,-,στις 01/09/2014
,ΥΦΙΣΤΑΜΕΝΟΣ ΕΞΟΠΛΙΣΜΟΣ,WHEEL MOUSE OPTICAL,ΚΤ-166400,-,,-,στις 01/09/2014
,ΥΦΙΣΤΑΜΕΝΟΣ ΕΞΟΠΛΙΣΜΟΣ,WHEEL MOUSE OPTICAL,ΚΤ-166401,-,,-,στις 01/09/2014
,ΥΦΙΣΤΑΜΕΝΟΣ ΕΞΟΠΛΙΣΜΟΣ,WHEEL MOUSE OPTICAL,ΚΤ-166402,-,,-,στις 01/09/2014
,ΥΦΙΣΤΑΜΕΝΟΣ ΕΞΟΠΛΙΣΜΟΣ,WHEEL MOUSE OPTICAL,ΚΤ-166403,-,,-,στις 01/09/2014
,ΥΦΙΣΤΑΜΕΝΟΣ ΕΞΟΠΛΙΣΜΟΣ,WHEEL MOUSE OPTICAL,ΚΤ-166404,-,,-,στις 01/09/2014
,ΥΦΙΣΤΑΜΕΝΟΣ ΕΞΟΠΛΙΣΜΟΣ,WHEEL MOUSE OPTICAL,ΚΤ-166405,-,,-,στις 01/09/2014
,ΥΦΙΣΤΑΜΕΝΟΣ ΕΞΟΠΛΙΣΜΟΣ,WHEEL MOUSE OPTICAL,ΚΤ-166406,-,,-,στις 01/09/2014
,ΥΦΙΣΤΑΜΕΝΟΣ ΕΞΟΠΛΙΣΜΟΣ,WHEEL MOUSE OPTICAL,ΚΤ-166407,-,,-,στις 01/09/2014
,ΥΦΙΣΤΑΜΕΝΟΣ ΕΞΟΠΛΙΣΜΟΣ,MICROSOFT BASIC 1.0A KEYBOARD,ΚΤ-166408,-,,-,στις 01/09/2014
,ΥΦΙΣΤΑΜΕΝΟΣ ΕΞΟΠΛΙΣΜΟΣ,TURBO-X ΠΛΗΚΤΡΟΛΟΓΙΟ,ΚΤ-166409,-,,-,στις 01/09/2014
,ΥΦΙΣΤΑΜΕΝΟΣ ΕΞΟΠΛΙΣΜΟΣ,MICROSOFT INTERNET READY PS/2,ΚΤ-166410,-,,-,στις 01/09/2014
,ΥΦΙΣΤΑΜΕΝΟΣ ΕΞΟΠΛΙΣΜΟΣ,GENERIC ΠΛΗΚΤΡΟΛΟΓΙΟ,ΚΤ-166411,-,,-,στις 01/09/2014
,ΥΦΙΣΤΑΜΕΝΟΣ ΕΞΟΠΛΙΣΜΟΣ,GENERIC ΠΛΗΚΤΡΟΛΟΓΙΟ,ΚΤ-166412,-,,-,στις 01/09/2014
,ΥΦΙΣΤΑΜΕΝΟΣ ΕΞΟΠΛΙΣΜΟΣ,GENERIC ΠΛΗΚΤΡΟΛΟΓΙΟ,ΚΤ-166413,-,,-,στις 01/09/2014
,ΥΦΙΣΤΑΜΕΝΟΣ ΕΞΟΠΛΙΣΜΟΣ,GENERIC ΠΛΗΚΤΡΟΛΟΓΙΟ,ΚΤ-166414,-,,-,στις 01/09/2014
,ΥΦΙΣΤΑΜΕΝΟΣ ΕΞΟΠΛΙΣΜΟΣ,GENERIC ΠΛΗΚΤΡΟΛΟΓΙΟ,ΚΤ-166415,-,,-,στις 01/09/2014
,ΥΦΙΣΤΑΜΕΝΟΣ ΕΞΟΠΛΙΣΜΟΣ,GENERIC ΠΛΗΚΤΡΟΛΟΓΙΟ,ΚΤ-166416,-,,-,στις 01/09/2014
,ΥΦΙΣΤΑΜΕΝΟΣ ΕΞΟΠΛΙΣΜΟΣ,GENERIC ΠΛΗΚΤΡΟΛΟΓΙΟ,ΚΤ-166417,-,,-,στις 01/09/2014
,ΥΦΙΣΤΑΜΕΝΟΣ ΕΞΟΠΛΙΣΜΟΣ,GENERIC ΠΛΗΚΤΡΟΛΟΓΙΟ,ΚΤ-166418,-,,-,στις 01/09/2014
,ΥΦΙΣΤΑΜΕΝΟΣ ΕΞΟΠΛΙΣΜΟΣ,Philips 107S Standard Series,ΚΤ-166509,-,,-,στις 03/10/2014
,ΥΦΙΣΤΑΜΕΝΟΣ ΕΞΟΠΛΙΣΜΟΣ,Cisco ATA 186 Analog Telephone Adapter,ΚΤ-19056,-,,-,στις 01/10/2014
,ΥΦΙΣΤΑΜΕΝΟΣ ΕΞΟΠΛΙΣΜΟΣ,AT-8000/16,ΚΤ-19057,-,,-,στις 01/10/2014
,ΥΦΙΣΤΑΜΕΝΟΣ ΕΞΟΠΛΙΣΜΟΣ,TL-SL1117 16P + 1GIGABIT,ΚΤ-19058,-,,-,στις 01/10/2014
,ΕΠΙΧΕΙΡΗΣΙΑΚΟ / ΤΟΜΕΑΚΟ ΠΡΟΓΡΑΜΜΑ,RENTRON Rack 9U,ΚΤ-19059,-,,-,στις 01/10/2014
,ΕΠΙΧΕΙΡΗΣΙΑΚΟ / ΤΟΜΕΑΚΟ ΠΡΟΓΡΑΜΜΑ,CENTRAL RACK 12U Επίτοιχο,ΚΤ-19060,-,,-,στις 01/10/2014
,ΕΠΙΧΕΙΡΗΣΙΑΚΟ / ΤΟΜΕΑΚΟ ΠΡΟΓΡΑΜΜΑ,PANDUIT PATCH PANEL 1U,ΚΤ-19061,-,,-,στις 01/10/2014
,ΕΠΙΧΕΙΡΗΣΙΑΚΟ / ΤΟΜΕΑΚΟ ΠΡΟΓΡΑΜΜΑ,GENERIC Patch Panel 24 ports,ΚΤ-19062,-,,-,στις 01/10/2014
,ΥΦΙΣΤΑΜΕΝΟΣ ΕΞΟΠΛΙΣΜΟΣ,3COM OFFICECONNECT DUAL SPEED SWITCH 16 PLUS,ΚΤ-19066,3C16792A,,-,στις 01/09/2014
,ΣΧΟΛΙΚΗ ΕΠΙΤΡΟΠΗ,Lynx M8,ΚΤ-19067,-,,-,1137 στις 19/12/2013
,ΣΧΟΛΙΚΗ ΕΠΙΤΡΟΠΗ,Lynx M8,ΚΤ-19068,-,,-,1137 στις 19/12/2013
,ΣΧΟΛΙΚΗ ΕΠΙΤΡΟΠΗ,Lynx M8,ΚΤ-19069,-,,-,1137 στις 19/12/2013
,ΣΧΟΛΙΚΗ ΕΠΙΤΡΟΠΗ,Lynx M8,ΚΤ-19075,-,,-,1137 στις 19/12/2013
,ΣΧΟΛΙΚΗ ΕΠΙΤΡΟΠΗ,Lynx M8,ΚΤ-19076,-,,-,1137 στις 19/12/2013
,ΥΦΙΣΤΑΜΕΝΟΣ ΕΞΟΠΛΙΣΜΟΣ,EPSON PERFECTION 1250,ΚΤ-19091,DS8W285836,,-,στις 01/09/2014
,ΕΠΙΧΕΙΡΗΣΙΑΚΟ / ΤΟΜΕΑΚΟ ΠΡΟΓΡΑΜΜΑ,JEAN JD177A7,ΚΤ-203182,-,,-,στις 01/10/2014
,ΕΠΙΧΕΙΡΗΣΙΑΚΟ / ΤΟΜΕΑΚΟ ΠΡΟΓΡΑΜΜΑ,Q MONITOR,ΚΤ-203184,-,,-,στις 01/10/2014
,ΔΩΡΕΑ,DELL OPTIPLEX GX 760 SFF,ΚΤ-333732,CN-0dj363-71616-88c-0R8,SEAGATE BARRACUDA 3.5" SATA 80GB
INTEL E5200 PENTIUM DUAL CORE 2.5 GHz
GENERIC RAM DDR2 SDRAM 2GB 800MHz
WINDOWS XP PROFESSIONAL 32bit,-,51/18-5-2016 στις 01/07/2017
,ΔΩΡΕΑ,DELL OPTIPLEX GX 760 SFF,ΚΤ-333733,CN-0k7743-70917-65T-A1Ig,SEAGATE BARRACUDA 3.5" SATA 80GB
INTEL E5200 PENTIUM DUAL CORE 2.5 GHz
GENERIC RAM DDR2 SDRAM 2GB 800MHz
WINDOWS XP PROFESSIONAL 32bit,-,51/18-5-2016 στις 01/07/2017
,ΔΩΡΕΑ,DELL OPTIPLEX GX 760 SFF,ΚΤ-333734,cn-0dj363-71616-88c-00ac,SEAGATE BARRACUDA 3.5" SATA 80GB
INTEL E5200 PENTIUM DUAL CORE 2.5 GHz
GENERIC RAM DDR2 SDRAM 2GB 800MHz
WINDOWS XP PROFESSIONAL 32bit,-,51/18-5-2016 στις 01/07/2017
,ΔΩΡΕΑ,DELL OPTIPLEX GX 760 SFF,ΚΤ-333735,cn-0n263f-65891-89s-0026-a00,SEAGATE BARRACUDA 3.5" SATA 80GB
INTEL E5200 PENTIUM DUAL CORE 2.5 GHz
GENERIC RAM DDR2 SDRAM 2GB 800MHz
WINDOWS XP PROFESSIONAL 32bit,-,51/18-5-2016 στις 01/07/2017
,ΔΩΡΕΑ,DELL OPTIPLEX GX 760 SFF,ΚΤ-333736,cn-0n263f-65891-89s-003b-a00,SEAGATE BARRACUDA 3.5" SATA 80GB
INTEL E5200 PENTIUM DUAL CORE 2.5 GHz
GENERIC RAM DDR2 SDRAM 2GB 800MHz
WINDOWS XP PROFESSIONAL 32bit,-,51/18-5-2016 στις 01/07/2017
,ΣΧΟΛΙΚΗ ΕΠΙΤΡΟΠΗ,HP COMPAQ 8200 Elite SFF,ΚΤ-368650,AUD21905YP,WINDOWS 7 PROFFESIONAL 64bit ΝΕΩΤΕΡΟ
INTEL 2400 CORE i5 3.1 GHz
SAMSUNG DDR3 SDRAM 4GB 1333MHz
WD CAVIAR 3.5" SATA 320GB,-,04298 στις 21/03/2018
,ΣΧΟΛΙΚΗ ΕΠΙΤΡΟΠΗ,HP COMPAQ 8200 Elite SFF,ΚΤ-368651,AUD212084M,WINDOWS 7 PROFFESIONAL 64bit ΝΕΩΤΕΡΟ
INTEL 2400 CORE i5 3.1 GHz
SAMSUNG DDR3 SDRAM 4GB 1333MHz
WD CAVIAR 3.5" SATA 320GB,-,04298 στις 21/03/2018
,ΣΧΟΛΙΚΗ ΕΠΙΤΡΟΠΗ,HP COMPAQ 8200 Elite SFF,ΚΤ-368652,AUD22105BH,WINDOWS 7 PROFFESIONAL 64bit ΝΕΩΤΕΡΟ
INTEL 2400 CORE i5 3.1 GHz
SAMSUNG DDR3 SDRAM 4GB 1333MHz
WD CAVIAR 3.5" SATA 320GB,-,04298 στις 21/03/2018
,ΣΧΟΛΙΚΗ ΕΠΙΤΡΟΠΗ,HP COMPAQ 8200 Elite SFF,ΚΤ-368653,AUD23206SD,WINDOWS 7 PROFFESIONAL 64bit ΝΕΩΤΕΡΟ
INTEL 2400 CORE i5 3.1 GHz
SAMSUNG DDR3 SDRAM 4GB 1333MHz
WD CAVIAR 3.5" SATA 320GB,-,04298 στις 21/03/2018
,ΣΧΟΛΙΚΗ ΕΠΙΤΡΟΠΗ,HP COMPAQ 8200 Elite SFF,ΚΤ-368654,AUD13606FC,WINDOWS 7 PROFFESIONAL 64bit ΝΕΩΤΕΡΟ
INTEL 2400 CORE i5 3.1 GHz
SAMSUNG DDR3 SDRAM 4GB 1333MHz
WD CAVIAR 3.5" SATA 320GB,-,04298 στις 21/03/2018
,ΣΧΟΛΙΚΗ ΕΠΙΤΡΟΠΗ,HP COMPAQ 8200 Elite SFF,ΚΤ-368655,AUD23805GV,WINDOWS 7 PROFFESIONAL 64bit ΝΕΩΤΕΡΟ
INTEL 2400 CORE i5 3.1 GHz
SAMSUNG DDR3 SDRAM 4GB 1333MHz
WD CAVIAR 3.5" SATA 320GB,-,04298 στις 21/03/2018
,ΣΧΟΛΙΚΗ ΕΠΙΤΡΟΠΗ,HP COMPAQ 8200 Elite SFF,ΚΤ-368656,AUD22603MB,WINDOWS 7 PROFFESIONAL 64bit ΝΕΩΤΕΡΟ
INTEL 2400 CORE i5 3.1 GHz
SAMSUNG DDR3 SDRAM 4GB 1333MHz
WD CAVIAR 3.5" SATA 320GB,-,04298 στις 21/03/2018
,ΣΧΟΛΙΚΗ ΕΠΙΤΡΟΠΗ,HP COMPAQ 8200 Elite SFF,ΚΤ-368657,AUD14003ZV,WINDOWS 7 PROFFESIONAL 64bit ΝΕΩΤΕΡΟ
INTEL 2400 CORE i5 3.1 GHz
SAMSUNG DDR3 SDRAM 4GB 1333MHz
WD CAVIAR 3.5" SATA 320GB,-,04298 στις 21/03/2018
,ΣΧΟΛΙΚΗ ΕΠΙΤΡΟΠΗ,HP COMPAQ 8200 Elite SFF,ΚΤ-368658,AUD22505D8,WINDOWS 7 PROFFESIONAL 64bit ΝΕΩΤΕΡΟ
INTEL 2400 CORE i5 3.1 GHz
SAMSUNG DDR3 SDRAM 4GB 1333MHz
WD CAVIAR 3.5" SATA 320GB,-,04298 στις 21/03/2018
,ΣΧΟΛΙΚΗ ΕΠΙΤΡΟΠΗ,HP COMPAQ 8200 Elite SFF,ΚΤ-368659,AUD23101PG,WINDOWS 7 PROFFESIONAL 64bit ΝΕΩΤΕΡΟ
INTEL 2400 CORE i5 3.1 GHz
SAMSUNG DDR3 SDRAM 4GB 1333MHz
WD CAVIAR 3.5" SATA 320GB,-,04298 στις 21/03/2018
,ΣΧΟΛΙΚΗ ΕΠΙΤΡΟΠΗ,HP COMPAQ 8200 Elite SFF,ΚΤ-368660,AUD21900CM,WINDOWS 7 PROFFESIONAL 64bit ΝΕΩΤΕΡΟ
INTEL 2400 CORE i5 3.1 GHz
SAMSUNG DDR3 SDRAM 4GB 1333MHz
WD CAVIAR 3.5" SATA 320GB,-,04298 στις 21/03/2018
,ΣΧΟΛΙΚΗ ΕΠΙΤΡΟΠΗ,PHILIPS 190B8CS,ΚΤ-368661,AU3A0819001308,,-,04298 στις 21/03/2018
,ΣΧΟΛΙΚΗ ΕΠΙΤΡΟΠΗ,PHILIPS 190B8CS,ΚΤ-368662,AU3A0807009216,,-,04298 στις 21/03/2018
,ΣΧΟΛΙΚΗ ΕΠΙΤΡΟΠΗ,PHILIPS 190B8CS,ΚΤ-368663,AU6A0824003871,,-,04298 στις 21/03/2018
,ΣΧΟΛΙΚΗ ΕΠΙΤΡΟΠΗ,PHILIPS 190B8CS,ΚΤ-368664,AU6A0824003852,,-,04298 στις 21/03/2018
,ΣΧΟΛΙΚΗ ΕΠΙΤΡΟΠΗ,PHILIPS 190B8CS,ΚΤ-368665,AU6A0824004850,,-,04298 στις 21/03/2018
,ΣΧΟΛΙΚΗ ΕΠΙΤΡΟΠΗ,PHILIPS 190B8CS,ΚΤ-368666,AU3A0823006088,,-,04298 στις 21/03/2018
,ΣΧΟΛΙΚΗ ΕΠΙΤΡΟΠΗ,PHILIPS 190B8CS,ΚΤ-368667,AU3A0809008418,,-,04298 στις 21/03/2018
,ΣΧΟΛΙΚΗ ΕΠΙΤΡΟΠΗ,PHILIPS 190B8CS,ΚΤ-368668,AU6A0824004622,,-,04298 στις 21/03/2018
,ΣΧΟΛΙΚΗ ΕΠΙΤΡΟΠΗ,PHILIPS 190B8CS,ΚΤ-368669,AU6A0822000875,,-,04298 στις 21/03/2018
,ΣΧΟΛΙΚΗ ΕΠΙΤΡΟΠΗ,PHILIPS 190B8CS,ΚΤ-368670,AU3A0817009786,,-,04298 στις 21/03/2018
,ΣΧΟΛΙΚΗ ΕΠΙΤΡΟΠΗ,PHILIPS 190B8CS,ΚΤ-368671,AU3A0819000461,,-,04298 στις 21/03/2018
,ΣΧΟΛΙΚΗ ΕΠΙΤΡΟΠΗ,TL-SG1024DE 24P GIGABIT EASY SMART,ΚΤ-368699,2177363001536,,-,474680 στις 16/11/2017
ΑΙΘΟΥΣΑ(69),ΥΦΙΣΤΑΜΕΝΟΣ ΕΞΟΠΛΙΣΜΟΣ,MICROSOFT WIRED KEYBOARD v1.0,ΚΤ-131714,-,,-,στις 04/10/2014
,,,,,,,
,ΥΦΙΣΤΑΜΕΝΟΣ ΕΞΟΠΛΙΣΜΟΣ,GENERIC WORKSTATION,ΚΤ-131715,-,INTEL PENTIUM IV 1.7 GHz
WD IDE < 40 GB
WINDOWS XP HOME EDITION
GENERIC DIMM 512MB
ECS P4S5A SLOT 1 SOCKET 478
NVIDIA RIVA TNT2 64MB
REALTEK RTL8139 PCI FAST ETHERNET,-,στις 04/10/2014
,ΥΦΙΣΤΑΜΕΝΟΣ ΕΞΟΠΛΙΣΜΟΣ,MICROSOFT BASIC OPTICAL MOUSE 1.0A,ΚΤ-131717,-,,-,στις 04/10/2014
,ΥΦΙΣΤΑΜΕΝΟΣ ΕΞΟΠΛΙΣΜΟΣ,GENERIC WORKSTATION,ΚΤ-156868,-,WD 3.5" SATA 160GB
WINDOWS XP PROFESSIONAL
GA-945P-S3 SOCKET 775
INTEL 550 PENTIUM IV 3.4 GHz
KINGSTON DDR2 SDRAM 512MB 666MHz x2,-,στις 03/10/2014
,ΥΦΙΣΤΑΜΕΝΟΣ ΕΞΟΠΛΙΣΜΟΣ,HP OFFICEJET J4580 INKJET,ΚΤ-156869,-,,-,στις 03/10/2014
,ΥΦΙΣΤΑΜΕΝΟΣ ΕΞΟΠΛΙΣΜΟΣ,BELINEA 1705 S1,ΚΤ-156870,-,,-,στις 03/10/2014
,ΥΦΙΣΤΑΜΕΝΟΣ ΕΞΟΠΛΙΣΜΟΣ,GENIUS SP-S110 basic speakers,ΚΤ-156871,-,,-,στις 03/10/2014
,ΥΦΙΣΤΑΜΕΝΟΣ ΕΞΟΠΛΙΣΜΟΣ,MICROSOFT BASIC 1.0A KEYBOARD,ΚΤ-156872,-,,-,στις 03/10/2014
,ΥΦΙΣΤΑΜΕΝΟΣ ΕΞΟΠΛΙΣΜΟΣ,MICROSOFT BASIC OPTICAL MOUSE 1.0A,ΚΤ-156873,-,,-,στις 03/10/2014
,ΥΦΙΣΤΑΜΕΝΟΣ ΕΞΟΠΛΙΣΜΟΣ,MICROSOFT WHEEL 1.1A WIN32 PS2/USB 3PK,ΚΤ-157117,-,,-,στις 04/10/2014
,ΥΦΙΣΤΑΜΕΝΟΣ ΕΞΟΠΛΙΣΜΟΣ,HP DESKJET 6940,ΚΤ-157118,-,,-,στις 04/10/2014
,ΥΦΙΣΤΑΜΕΝΟΣ ΕΞΟΠΛΙΣΜΟΣ,Epson Perfection V200 Photo,ΚΤ-157119,-,,-,στις 04/10/2014
,ΥΦΙΣΤΑΜΕΝΟΣ ΕΞΟΠΛΙΣΜΟΣ,LABTEC 970158 PULSE 285,ΚΤ-157120,-,,-,στις 04/10/2014
,ΥΦΙΣΤΑΜΕΝΟΣ ΕΞΟΠΛΙΣΜΟΣ,ACER V193W,ΚΤ-157121,-,,-,στις 04/10/2014
,ΥΦΙΣΤΑΜΕΝΟΣ ΕΞΟΠΛΙΣΜΟΣ,QUEST EDUCATION WORKSTATION CE,ΚΤ-157122,-,NVIDIA GeForce 7300 SE 256MB
INTEL E2180 PENTIUM DUAL CORE 2 GHz
GA 945GCM-S2L SOCKET 775
RealTek Semiconductor RTL8168B/8111B PCI-E Gigabit Ethernet Adapter
GENERIC DDR2 SDRAM 1GB 666MHz
WINDOWS XP PROFESSIONAL
WD 3.5" SATA 80GB,-,στις 04/10/2014
,ΥΦΙΣΤΑΜΕΝΟΣ ΕΞΟΠΛΙΣΜΟΣ,MICROSOFT BASIC 1.0A KEYBOARD,ΚΤ-157123,-,,-,στις 04/10/2014
,ΥΦΙΣΤΑΜΕΝΟΣ ΕΞΟΠΛΙΣΜΟΣ,MICROSOFT WHEEL 1.1A WIN32 PS2/USB 3PK,ΚΤ-157164,-,,-,στις 04/10/2014
,ΥΦΙΣΤΑΜΕΝΟΣ ΕΞΟΠΛΙΣΜΟΣ,GENERIC WORKSTATION,ΚΤ-157165,-,WD 3.5" IDE 80GB
INTEL PENTIUM IV 3 GHz
GENERIC DIMM 512MB
WINDOWS XP PROFESSIONAL
NVIDIA RIVA TNT2 64MB
REALTEK RTL8139 PCI FAST ETHERNET,-,στις 04/10/2014
,ΥΦΙΣΤΑΜΕΝΟΣ ΕΞΟΠΛΙΣΜΟΣ,Microsoft Standard 101/102-Key,ΚΤ-157166,-,,-,στις 04/10/2014
,ΥΦΙΣΤΑΜΕΝΟΣ ΕΞΟΠΛΙΣΜΟΣ,GENERIC WORKSTATION,ΚΤ-157188,-,AsRock 960GM-VGS3-FX SOCKET AM3+
KINGSTON PC5300 DDR2 SDRAM 2GB 666MHz
LG GH22NS40 DVD- R/W
WD CAVIAR 3.5" IDE 250GB
AMD 145 SEMPRON 2.8 GHz
WINDOWS XP PROFESSIONAL,-,στις 04/10/2014
,ΥΦΙΣΤΑΜΕΝΟΣ ΕΞΟΠΛΙΣΜΟΣ,VIEWSONIC E70f,ΚΤ-157189,-,,-,στις 04/10/2014
,ΥΦΙΣΤΑΜΕΝΟΣ ΕΞΟΠΛΙΣΜΟΣ,GENERIC ΠΛΗΚΤΡΟΛΟΓΙΟ,ΚΤ-157190,-,,-,στις 04/10/2014
,ΥΦΙΣΤΑΜΕΝΟΣ ΕΞΟΠΛΙΣΜΟΣ,MICROSOFT MODEL 1094,ΚΤ-157191,-,,-,στις 04/10/2014
,ΕΠΙΧΕΙΡΗΣΙΑΚΟ / ΤΟΜΕΑΚΟ ΠΡΟΓΡΑΜΜΑ,NRG GUARD 3000AP,ΚΤ-157283,-,,-,στις 03/10/2014
,ΕΠΙΧΕΙΡΗΣΙΑΚΟ / ΤΟΜΕΑΚΟ ΠΡΟΓΡΑΜΜΑ,LEVEL ONE FSW-0811 TX 8 Port 10/100 Mbps,ΚΤ-157284,-,,-,στις 03/10/2014
,ΕΠΙΧΕΙΡΗΣΙΑΚΟ / ΤΟΜΕΑΚΟ ΠΡΟΓΡΑΜΜΑ,GENERIC Patch Panel 24 ports,ΚΤ-157285,-,,-,στις 03/10/2014
,ΕΠΙΧΕΙΡΗΣΙΑΚΟ / ΤΟΜΕΑΚΟ ΠΡΟΓΡΑΜΜΑ,CRYPTO CMe2,ΚΤ-157286,-,,-,στις 03/10/2014
,ΕΠΙΧΕΙΡΗΣΙΑΚΟ / ΤΟΜΕΑΚΟ ΠΡΟΓΡΑΜΜΑ,ABLEREX VEST VT PRO 1500VA,ΚΤ-157287,-,,-,στις 03/10/2014
,ΕΠΙΧΕΙΡΗΣΙΑΚΟ / ΤΟΜΕΑΚΟ ΠΡΟΓΡΑΜΜΑ,MICROTEC SCAN MAKER 5800,ΚΤ-157288,-,,-,στις 03/10/2014
,ΕΠΙΧΕΙΡΗΣΙΑΚΟ / ΤΟΜΕΑΚΟ ΠΡΟΓΡΑΜΜΑ,SONY VPL-EX5,ΚΤ-157289,-,,-,στις 03/10/2014
,ΕΠΙΧΕΙΡΗΣΙΑΚΟ / ΤΟΜΕΑΚΟ ΠΡΟΓΡΑΜΜΑ,CANON I-SENSYS L140,ΚΤ-157290,-,,-,στις 03/10/2014
,ΕΠΙΧΕΙΡΗΣΙΑΚΟ / ΤΟΜΕΑΚΟ ΠΡΟΓΡΑΜΜΑ,LEXMARK Z2420,ΚΤ-157291,-,,-,στις 03/10/2014
,ΕΠΙΧΕΙΡΗΣΙΑΚΟ / ΤΟΜΕΑΚΟ ΠΡΟΓΡΑΜΜΑ,CENTRAL KRONE ΕΠΙΤΟΙΧΙΟ ΕΡΜΑΡΙΟ,ΚΤ-157292,-,,-,στις 03/10/2014
,ΕΠΙΧΕΙΡΗΣΙΑΚΟ / ΤΟΜΕΑΚΟ ΠΡΟΓΡΑΜΜΑ,ALLIED TELESYN CG-SW-16TXL,ΚΤ-157293,-,,-,στις 03/10/2014
,ΕΠΙΧΕΙΡΗΣΙΑΚΟ / ΤΟΜΕΑΚΟ ΠΡΟΓΡΑΜΜΑ,MICROSOFT BASIC 1.0A KEYBOARD,ΚΤ-157347,-,,-,στις 03/10/2014
,ΕΠΙΧΕΙΡΗΣΙΑΚΟ / ΤΟΜΕΑΚΟ ΠΡΟΓΡΑΜΜΑ,MICROSOFT BASIC 1.0A KEYBOARD,ΚΤ-157348,-,,-,στις 03/10/2014
,ΕΠΙΧΕΙΡΗΣΙΑΚΟ / ΤΟΜΕΑΚΟ ΠΡΟΓΡΑΜΜΑ,MICROSOFT BASIC 1.0A KEYBOARD,ΚΤ-157349,-,,-,στις 03/10/2014
,ΕΠΙΧΕΙΡΗΣΙΑΚΟ / ΤΟΜΕΑΚΟ ΠΡΟΓΡΑΜΜΑ,QUEST EDUCATION WORKSTATION CE,ΚΤ-157350,-,WD 3.5" SATA 160GB
NVIDIA GEFORCE 8400 GS
ASUS P5QL-E SOCKET 775
INTEL E5200 PENTIUM DUAL CORE 2.5 GHz
WINDOWS XP PROFESSIONAL
KINGSTON PC 5300 DDR2 SDRAM 1GB 666MHz,-,στις 03/10/2014
,ΕΠΙΧΕΙΡΗΣΙΑΚΟ / ΤΟΜΕΑΚΟ ΠΡΟΓΡΑΜΜΑ,QUEST EDUCATION WORKSTATION CE,ΚΤ-157351,-,WD 3.5" SATA 160GB
NVIDIA GEFORCE 8400 GS
ASUS P5QL-E SOCKET 775
INTEL E5200 PENTIUM DUAL CORE 2.5 GHz
WINDOWS XP PROFESSIONAL
KINGSTON PC 5300 DDR2 SDRAM 1GB 666MHz,-,στις 03/10/2014
,ΕΠΙΧΕΙΡΗΣΙΑΚΟ / ΤΟΜΕΑΚΟ ΠΡΟΓΡΑΜΜΑ,QUEST EDUCATION WORKSTATION CE,ΚΤ-157352,-,NVIDIA GEFORCE 8400 GS
SAMSUNG DVD SH-D163B DVD-ROM
SAMSUNG SH-S223F DVD- R/W
ASUS P5QL-E SOCKET 775
INTEL E5200 PENTIUM DUAL CORE 2.5 GHz
KINGSTON PC 5300 DDR2 SDRAM 1GB 666MHz x2
WD BLUE WD3200AAJS 3.5" SATA 320GB x2
WINDOWS SERVER 2003,-,στις 03/10/2014
,ΕΠΙΧΕΙΡΗΣΙΑΚΟ / ΤΟΜΕΑΚΟ ΠΡΟΓΡΑΜΜΑ,MICROSOFT BASIC OPTICAL MOUSE 1.0A,ΚΤ-157353,-,,-,στις 03/10/2014
,ΕΠΙΧΕΙΡΗΣΙΑΚΟ / ΤΟΜΕΑΚΟ ΠΡΟΓΡΑΜΜΑ,MICROSOFT BASIC OPTICAL MOUSE 1.0A,ΚΤ-157354,-,,-,στις 03/10/2014
,ΕΠΙΧΕΙΡΗΣΙΑΚΟ / ΤΟΜΕΑΚΟ ΠΡΟΓΡΑΜΜΑ,MICROSOFT BASIC OPTICAL MOUSE 1.0A,ΚΤ-157355,-,,-,στις 03/10/2014
,ΕΠΙΧΕΙΡΗΣΙΑΚΟ / ΤΟΜΕΑΚΟ ΠΡΟΓΡΑΜΜΑ,NEC AccuSync 73V,ΚΤ-157356,-,,-,στις 03/10/2014
,ΕΠΙΧΕΙΡΗΣΙΑΚΟ / ΤΟΜΕΑΚΟ ΠΡΟΓΡΑΜΜΑ,NEC AccuSync 73V,ΚΤ-157357,-,,-,στις 03/10/2014
,ΕΠΙΧΕΙΡΗΣΙΑΚΟ / ΤΟΜΕΑΚΟ ΠΡΟΓΡΑΜΜΑ,NEC AccuSync 73V,ΚΤ-157358,-,,-,στις 03/10/2014
,ΕΠΙΧΕΙΡΗΣΙΑΚΟ / ΤΟΜΕΑΚΟ ΠΡΟΓΡΑΜΜΑ,HP OFFICEJET 6310 ALL-IN-ONE,ΚΤ-157855,-,,-,στις 01/10/2014
,ΕΠΙΧΕΙΡΗΣΙΑΚΟ / ΤΟΜΕΑΚΟ ΠΡΟΓΡΑΜΜΑ,MICROSOFT BASIC OPTICAL MOUSE 1.0A,ΚΤ-157856,-,,-,στις 01/10/2014
,ΕΠΙΧΕΙΡΗΣΙΑΚΟ / ΤΟΜΕΑΚΟ ΠΡΟΓΡΑΜΜΑ,MICROSOFT MULTIMEDIA KEYBOARD 1.0A,ΚΤ-157857,-,,-,στις 01/10/2014
,ΕΠΙΧΕΙΡΗΣΙΑΚΟ / ΤΟΜΕΑΚΟ ΠΡΟΓΡΑΜΜΑ,ALTEC PERFOMER,ΚΤ-157858,-,INTEL E2160 PENTIUM DUAL CORE 1.8 GHz
HITACHI Deskstar 3.5" ATA 80GB
GENERIC DDR2 SDRAM 512MB 666MHz
MSI 945GCM-F V2 SOCKET 775
WINDOWS VISTA BUSINESS,-,στις 01/10/2014
,ΕΠΙΧΕΙΡΗΣΙΑΚΟ / ΤΟΜΕΑΚΟ ΠΡΟΓΡΑΜΜΑ,BENQ E700,ΚΤ-157859,-,,-,στις 01/10/2014
,ΕΠΙΧΕΙΡΗΣΙΑΚΟ / ΤΟΜΕΑΚΟ ΠΡΟΓΡΑΜΜΑ,MICROSOFT BASIC 1.0A KEYBOARD,ΚΤ-203164,-,,-,στις 01/10/2014
,ΕΠΙΧΕΙΡΗΣΙΑΚΟ / ΤΟΜΕΑΚΟ ΠΡΟΓΡΑΜΜΑ,MICROSOFT BASIC 1.0A KEYBOARD,ΚΤ-203165,-,,-,στις 01/10/2014
,ΕΠΙΧΕΙΡΗΣΙΑΚΟ / ΤΟΜΕΑΚΟ ΠΡΟΓΡΑΜΜΑ,MICROSOFT BASIC 1.0A KEYBOARD,ΚΤ-203166,-,,-,στις 01/10/2014
,ΕΠΙΧΕΙΡΗΣΙΑΚΟ / ΤΟΜΕΑΚΟ ΠΡΟΓΡΑΜΜΑ,MICROSOFT BASIC 1.0A KEYBOARD,ΚΤ-203167,-,,-,στις 01/10/2014
,ΕΠΙΧΕΙΡΗΣΙΑΚΟ / ΤΟΜΕΑΚΟ ΠΡΟΓΡΑΜΜΑ,MICROSOFT BASIC 1.0A KEYBOARD,ΚΤ-203168,-,,-,στις 01/10/2014
,ΕΠΙΧΕΙΡΗΣΙΑΚΟ / ΤΟΜΕΑΚΟ ΠΡΟΓΡΑΜΜΑ,MICROSOFT BASIC 1.0A KEYBOARD,ΚΤ-203169,-,,-,στις 01/10/2014
,ΕΠΙΧΕΙΡΗΣΙΑΚΟ / ΤΟΜΕΑΚΟ ΠΡΟΓΡΑΜΜΑ,GENERIC WORKSTATION,ΚΤ-203170,-,GENERIC ΑΤΧ 300 Watt
INTEL 331 CELERON D 2.66 GHz
GENERIC DVD-16x6s DVD-ROM
WINDOWS XP HOME EDITION
GIGABYTE GA-8S661FXM SOCKET 775
MAXTOR 3.5" ATA 40GB
GENERIC DDR SDRAM 512MB 333MHz,-,στις 01/10/2014
,ΕΠΙΧΕΙΡΗΣΙΑΚΟ / ΤΟΜΕΑΚΟ ΠΡΟΓΡΑΜΜΑ,GENERIC WORKSTATION,ΚΤ-203171,-,GENERIC ΑΤΧ 300 Watt
INTEL 331 CELERON D 2.66 GHz
GENERIC DVD-16x6s DVD-ROM
WINDOWS XP HOME EDITION
GIGABYTE GA-8S661FXM SOCKET 775
MAXTOR 3.5" ATA 40GB
GENERIC DDR SDRAM 512MB 333MHz,-,στις 01/10/2014
,ΕΠΙΧΕΙΡΗΣΙΑΚΟ / ΤΟΜΕΑΚΟ ΠΡΟΓΡΑΜΜΑ,GENERIC WORKSTATION,ΚΤ-203172,-,GENERIC ΑΤΧ 300 Watt
INTEL 331 CELERON D 2.66 GHz
GENERIC DVD-16x6s DVD-ROM
WINDOWS XP HOME EDITION
GIGABYTE GA-8S661FXM SOCKET 775
MAXTOR 3.5" ATA 40GB
GENERIC DDR SDRAM 512MB 333MHz,-,στις 01/10/2014
,ΕΠΙΧΕΙΡΗΣΙΑΚΟ / ΤΟΜΕΑΚΟ ΠΡΟΓΡΑΜΜΑ,GENERIC WORKSTATION,ΚΤ-203173,-,GENERIC ΑΤΧ 300 Watt
INTEL 331 CELERON D 2.66 GHz
GENERIC DVD-16x6s DVD-ROM
HITACHI Deskstar 3.5" ATA 80GB
WINDOWS XP HOME EDITION
GIGABYTE GA-8S661FXM SOCKET 775
GENERIC DDR SDRAM 512MB 333MHz,-,στις 01/10/2014
,ΕΠΙΧΕΙΡΗΣΙΑΚΟ / ΤΟΜΕΑΚΟ ΠΡΟΓΡΑΜΜΑ,GENERIC WORKSTATION,ΚΤ-203174,-,GENERIC ΑΤΧ 300 Watt
WDC 3.5" IDE 40GB
INTEL 331 CELERON D 2.66 GHz
GENERIC DVD-16x6s DVD-ROM
WINDOWS XP HOME EDITION
GIGABYTE GA-8S661FXM SOCKET 775
GENERIC DDR SDRAM 512MB 333MHz,-,στις 01/10/2014
,ΕΠΙΧΕΙΡΗΣΙΑΚΟ / ΤΟΜΕΑΚΟ ΠΡΟΓΡΑΜΜΑ,GENERIC WORKSTATION,ΚΤ-203175,-,GENERIC ΑΤΧ 300 Watt
SEAGATE 3.5" ATA 40GB
ASUS P5G41T-M LX2/GB/PT SOCKET 775
GENERIC DIMM 64MB 133MHz
INTEL 331 CELERON D 2.66 GHz
GENERIC DVD-16x6s DVD-ROM
WINDOWS XP HOME EDITION
GENERIC DIMM 128MB 133MHz,-,στις 01/10/2014
,ΕΠΙΧΕΙΡΗΣΙΑΚΟ / ΤΟΜΕΑΚΟ ΠΡΟΓΡΑΜΜΑ,Microsoft Basic Black Value,ΚΤ-203176,-,,-,στις 01/10/2014
,ΕΠΙΧΕΙΡΗΣΙΑΚΟ / ΤΟΜΕΑΚΟ ΠΡΟΓΡΑΜΜΑ,Microsoft Basic Black Value,ΚΤ-203177,-,,-,στις 01/10/2014
,ΕΠΙΧΕΙΡΗΣΙΑΚΟ / ΤΟΜΕΑΚΟ ΠΡΟΓΡΑΜΜΑ,Microsoft Basic Black Value,ΚΤ-203178,-,,-,στις 01/10/2014
,ΕΠΙΧΕΙΡΗΣΙΑΚΟ / ΤΟΜΕΑΚΟ ΠΡΟΓΡΑΜΜΑ,Microsoft Basic Black Value,ΚΤ-203179,-,,-,στις 01/10/2014
,ΕΠΙΧΕΙΡΗΣΙΑΚΟ / ΤΟΜΕΑΚΟ ΠΡΟΓΡΑΜΜΑ,Microsoft Basic Black Value,ΚΤ-203180,-,,-,στις 01/10/2014
,ΕΠΙΧΕΙΡΗΣΙΑΚΟ / ΤΟΜΕΑΚΟ ΠΡΟΓΡΑΜΜΑ,Microsoft Basic Black Value,ΚΤ-203181,-,,-,στις 01/10/2014
ΑΠΟΘΗΚΗ(106),ΣΧΟΛΙΚΗ ΕΠΙΤΡΟΠΗ,Turbo-X SW-810F 8-Port Switch 10/100Mbps,ΚΤ-11172,-,,-,414664/ΤΔ129 στις 23/09/2014
,,,,,,,
,ΥΦΙΣΤΑΜΕΝΟΣ ΕΞΟΠΛΙΣΜΟΣ,GENERIC WORKSTATION,ΚΤ-126098,-,GENERIC HDD < 40 GB
INTEL PENTIUM IV 1.5 GHz
WINDOWS XP HOME EDITION
GENERIC DIMM 512MB
REALTEK RTL8139 PCI FAST ETHERNET
NVIDIA RIVA TNT2 64MB
SONY CDU 5221 CD-ROM,-,στις 02/10/2014
,ΥΦΙΣΤΑΜΕΝΟΣ ΕΞΟΠΛΙΣΜΟΣ,GENERIC WORKSTATION,ΚΤ-126099,-,GENERIC HDD < 40 GB
INTEL PENTIUM IV 1.5 GHz
WINDOWS XP HOME EDITION
GENERIC DIMM 512MB
REALTEK RTL8139 PCI FAST ETHERNET
NVIDIA RIVA TNT2 64MB
SONY CDU 5221 CD-ROM,-,στις 02/10/2014
,ΥΦΙΣΤΑΜΕΝΟΣ ΕΞΟΠΛΙΣΜΟΣ,GENERIC WORKSTATION,ΚΤ-126100,-,GENERIC HDD < 40 GB
INTEL PENTIUM IV 1.5 GHz
WINDOWS XP HOME EDITION
GENERIC DIMM 512MB
REALTEK RTL8139 PCI FAST ETHERNET
NVIDIA RIVA TNT2 64MB
SONY CDU 5221 CD-ROM,-,στις 02/10/2014
,ΥΦΙΣΤΑΜΕΝΟΣ ΕΞΟΠΛΙΣΜΟΣ,GENERIC WORKSTATION,ΚΤ-126101,-,GENERIC HDD < 40 GB
INTEL PENTIUM IV 1.5 GHz
WINDOWS XP HOME EDITION
GENERIC DIMM 512MB
REALTEK RTL8139 PCI FAST ETHERNET
NVIDIA RIVA TNT2 64MB
SONY CDU 5221 CD-ROM,-,στις 02/10/2014
,ΥΦΙΣΤΑΜΕΝΟΣ ΕΞΟΠΛΙΣΜΟΣ,GENERIC WORKSTATION,ΚΤ-126102,-,INTEL PENTIUM IV 1.8 GHz
GENERIC HDD < 40 GB
WINDOWS XP HOME EDITION
GENERIC DIMM 128MB 133MHz
REALTEK RTL8139 PCI FAST ETHERNET
NVIDIA RIVA TNT2 64MB
GENERIC 256MB DIMM 256MB,-,στις 02/10/2014
,ΥΦΙΣΤΑΜΕΝΟΣ ΕΞΟΠΛΙΣΜΟΣ,VALIANT UPS SV1000,ΚΤ-126128,-,,-,στις 01/10/2014
,ΥΦΙΣΤΑΜΕΝΟΣ ΕΞΟΠΛΙΣΜΟΣ,Zoom Modem USB V.92,ΚΤ-126131,-,,-,στις 01/08/2014
,ΥΦΙΣΤΑΜΕΝΟΣ ΕΞΟΠΛΙΣΜΟΣ,EPSON STYLUS DX7000F MFP,ΚΤ-126134,-,,-,στις 01/10/2014
,ΥΦΙΣΤΑΜΕΝΟΣ ΕΞΟΠΛΙΣΜΟΣ,SEAGATE BARRACUDA,ΚΤ-16019,-,,-,στις 20/10/2014
,ΥΦΙΣΤΑΜΕΝΟΣ ΕΞΟΠΛΙΣΜΟΣ,WD,ΚΤ-16020,-,,-,στις 20/10/2014
,ΥΦΙΣΤΑΜΕΝΟΣ ΕΞΟΠΛΙΣΜΟΣ,ΙΒΜ,ΚΤ-16021,-,,-,στις 20/10/2014
,ΥΦΙΣΤΑΜΕΝΟΣ ΕΞΟΠΛΙΣΜΟΣ,HGST Deskstar 120GXP,ΚΤ-16024,-,,-,στις 20/10/2014
,ΣΧΟΛΙΚΗ ΕΠΙΤΡΟΠΗ,AsRock 960GM-VGS3-FX,ΚΤ-16025,3AM0XE045054,,-,976/10 στις 17/10/2014
,ΣΧΟΛΙΚΗ ΕΠΙΤΡΟΠΗ,TURBO-X ΠΛΗΚΤΡΟΛΟΓΙΟ,ΚΤ-16030,-,,-,414664/ΤΔ129 στις 23/09/2014
,ΣΧΟΛΙΚΗ ΕΠΙΤΡΟΠΗ,TURBO-X ΠΛΗΚΤΡΟΛΟΓΙΟ,ΚΤ-16031,-,,-,414664/ΤΔ129 στις 23/09/2014
,ΣΧΟΛΙΚΗ ΕΠΙΤΡΟΠΗ,GENIUS ΠΟΝΤΙΚΙ,ΚΤ-16033,-,,-,στις 06/05/2014
,ΣΧΟΛΙΚΗ ΕΠΙΤΡΟΠΗ,GENIUS ΠΟΝΤΙΚΙ,ΚΤ-16034,-,,-,στις 06/05/2014
,ΣΧΟΛΙΚΗ ΕΠΙΤΡΟΠΗ,GENIUS ΠΟΝΤΙΚΙ,ΚΤ-16035,-,,-,στις 06/05/2014
,ΣΧΟΛΙΚΗ ΕΠΙΤΡΟΠΗ,GENIUS ΠΟΝΤΙΚΙ,ΚΤ-16036,-,,-,στις 06/05/2014
,ΣΧΟΛΙΚΗ ΕΠΙΤΡΟΠΗ,GENIUS ΠΟΝΤΙΚΙ,ΚΤ-16037,-,,-,στις 06/05/2014
,ΣΧΟΛΙΚΗ ΕΠΙΤΡΟΠΗ,DEER DR-8400BTX 400W,ΚΤ-16038,-,,-,στις 06/05/2014
,ΣΧΟΛΙΚΗ ΕΠΙΤΡΟΠΗ,GENERIC ΠΟΝΤΙΚΙ,ΚΤ-16046,3101604192,,-,10250998 στις 24/10/2013
,ΣΧΟΛΙΚΗ ΕΠΙΤΡΟΠΗ,GENERIC ΠΟΝΤΙΚΙ,ΚΤ-16047,3101604195,,-,10250998 στις 24/10/2013
,ΕΠΙΧΕΙΡΗΣΙΑΚΟ / ΤΟΜΕΑΚΟ ΠΡΟΓΡΑΜΜΑ,CISCO 876,ΚΤ-16050,-,,-,στις 15/10/2007
,ΕΠΙΧΕΙΡΗΣΙΑΚΟ / ΤΟΜΕΑΚΟ ΠΡΟΓΡΑΜΜΑ,MICRONET SP260A 10BASE-T 16port,ΚΤ-16051,-,,-,στις 09/10/2001
,ΕΠΙΧΕΙΡΗΣΙΑΚΟ / ΤΟΜΕΑΚΟ ΠΡΟΓΡΑΜΜΑ,CISCO 1603,ΚΤ-16053,-,,-,στις 09/10/2001
,ΥΦΙΣΤΑΜΕΝΟΣ ΕΞΟΠΛΙΣΜΟΣ,AsRock 960GM-VGS3-FX,ΚΤ-162552,-,,-,στις 01/09/2014
,ΥΦΙΣΤΑΜΕΝΟΣ ΕΞΟΠΛΙΣΜΟΣ,CISCO 801,ΚΤ-16376,-,,-,στις 01/09/2014
,ΥΦΙΣΤΑΜΕΝΟΣ ΕΞΟΠΛΙΣΜΟΣ,GENERIC WORKSTATION,ΚΤ-166384,-,AsRock 960GM-VGS3-FX SOCKET AM3+
UBUNTU LINUX
AMD 145 SEMPRON 2.8 GHz
KINGSTON DDR2 SDRAM 2GB 533MHz
SEAGATE 3.5" ATA 40GB,-,στις 01/09/2014
,ΥΦΙΣΤΑΜΕΝΟΣ ΕΞΟΠΛΙΣΜΟΣ,GENERIC WORKSTATION,ΚΤ-166385,-,AsRock 960GM-VGS3-FX SOCKET AM3+
KINGSTON DDR2 SDRAM 2GB 533MHz
UBUNTU LINUX
SEAGATE 3.5" ATA 40GB
AMD 145 SEMPRON 2.8 GHz,-,στις 01/09/2014
,ΥΦΙΣΤΑΜΕΝΟΣ ΕΞΟΠΛΙΣΜΟΣ,GENERIC WORKSTATION,ΚΤ-166386,-,AsRock 960GM-VGS3-FX SOCKET AM3+
KINGSTON DDR2 SDRAM 2GB 533MHz
UBUNTU LINUX
SEAGATE 3.5" ATA 40GB
AMD 145 SEMPRON 2.8 GHz,-,στις 01/09/2014
,ΥΦΙΣΤΑΜΕΝΟΣ ΕΞΟΠΛΙΣΜΟΣ,GENERIC WORKSTATION,ΚΤ-166387,-,AsRock 960GM-VGS3-FX SOCKET AM3+
KINGSTON DDR2 SDRAM 2GB 533MHz
UBUNTU LINUX
SEAGATE 3.5" ATA 40GB
AMD 145 SEMPRON 2.8 GHz,-,στις 01/09/2014
,ΥΦΙΣΤΑΜΕΝΟΣ ΕΞΟΠΛΙΣΜΟΣ,GENERIC WORKSTATION,ΚΤ-166388,-,AsRock 960GM-VGS3-FX SOCKET AM3+
KINGSTON DDR2 SDRAM 2GB 533MHz
UBUNTU LINUX
SEAGATE 3.5" ATA 40GB
AMD 145 SEMPRON 2.8 GHz,-,στις 01/09/2014
,ΥΦΙΣΤΑΜΕΝΟΣ ΕΞΟΠΛΙΣΜΟΣ,GENERIC WORKSTATION,ΚΤ-166389,-,AsRock 960GM-VGS3-FX SOCKET AM3+
KINGSTON DDR2 SDRAM 2GB 533MHz
UBUNTU LINUX
SEAGATE 3.5" ATA 40GB
AMD 145 SEMPRON 2.8 GHz,-,στις 01/09/2014
,ΥΦΙΣΤΑΜΕΝΟΣ ΕΞΟΠΛΙΣΜΟΣ,GENERIC WORKSTATION,ΚΤ-166390,-,AsRock 960GM-VGS3-FX SOCKET AM3+
KINGSTON DDR2 SDRAM 2GB 533MHz
UBUNTU LINUX
SEAGATE 3.5" ATA 40GB
AMD 145 SEMPRON 2.8 GHz,-,στις 01/09/2014
,ΥΦΙΣΤΑΜΕΝΟΣ ΕΞΟΠΛΙΣΜΟΣ,GENERIC WORKSTATION,ΚΤ-166391,-,AsRock 960GM-VGS3-FX SOCKET AM3+
KINGSTON DDR2 SDRAM 2GB 533MHz
UBUNTU LINUX
SEAGATE 3.5" ATA 40GB
AMD 145 SEMPRON 2.8 GHz,-,στις 01/09/2014
,ΥΦΙΣΤΑΜΕΝΟΣ ΕΞΟΠΛΙΣΜΟΣ,GENERIC WORKSTATION,ΚΤ-166392,-,HITACHI Deskstar 3.5" ATA 80GB
INTEL E4500 CORE 2 DUO 2.2 GHz
LG GH22NS40 DVD- R/W
MSI G41M-P33 COMBO RETAIL SOCKET 775
UBUNTU LINUX
GENERIC RAM DDR2 SDRAM 1GB 800MHz,-,στις 01/09/2014
,ΥΦΙΣΤΑΜΕΝΟΣ ΕΞΟΠΛΙΣΜΟΣ,GENERIC WORKSTATION,ΚΤ-166393,-,LG GH22NS40 DVD- R/W
GA-8VM800M SOCKET 775
UBUNTU LINUX
SEAGATE 3.5" ATA 40GB
GENERIC DDR SDRAM 512MB 400MHz
INTEL 915 PENTIUM D 2.8 GHz
GENERIC DDR SDRAM 256MB 400MHz,-,στις 01/09/2014
,ΥΦΙΣΤΑΜΕΝΟΣ ΕΞΟΠΛΙΣΜΟΣ,GENERIC WORKSTATION,ΚΤ-166395,-,INTEL E3400 CELERON DUAL CORE 2.6 GHz
LG GH22NS40 DVD- R/W
UBUNTU LINUX
GENERIC RAM DDR2 SDRAM 1GB 800MHz
WD 3.5" IDE 80GB
ASUS P5G41T-M LX SOCKET 775,-,στις 01/09/2014
,ΥΦΙΣΤΑΜΕΝΟΣ ΕΞΟΠΛΙΣΜΟΣ,HP PHOTOSMART 735,ΚΤ-166719,-,,-,στις 01/10/2014
,ΥΦΙΣΤΑΜΕΝΟΣ ΕΞΟΠΛΙΣΜΟΣ,PHILIPS MULTIMEDIA SPEAKER SYSTEM,ΚΤ-166720,-,,-,στις 01/10/2014
,ΥΦΙΣΤΑΜΕΝΟΣ ΕΞΟΠΛΙΣΜΟΣ,WAVEMASTER 120,ΚΤ-166721,-,,-,στις 01/10/2014
,ΥΦΙΣΤΑΜΕΝΟΣ ΕΞΟΠΛΙΣΜΟΣ,TEAC PowerMax 60/2,ΚΤ-166723,-,,-,στις 01/10/2014
,ΥΦΙΣΤΑΜΕΝΟΣ ΕΞΟΠΛΙΣΜΟΣ,CHRONOS SP-120B,ΚΤ-166724,-,,-,στις 01/10/2014
,ΥΦΙΣΤΑΜΕΝΟΣ ΕΞΟΠΛΙΣΜΟΣ,HITACHI,ΚΤ-166725,-,,-,στις 01/10/2014
,ΥΦΙΣΤΑΜΕΝΟΣ ΕΞΟΠΛΙΣΜΟΣ,GENERIC,ΚΤ-166726,-,,-,στις 01/10/2014
,ΥΦΙΣΤΑΜΕΝΟΣ ΕΞΟΠΛΙΣΜΟΣ,GENERIC,ΚΤ-166727,-,,-,στις 01/10/2014
,ΥΦΙΣΤΑΜΕΝΟΣ ΕΞΟΠΛΙΣΜΟΣ,INTEL 820,ΚΤ-166728,-,,-,στις 01/10/2014
,ΥΦΙΣΤΑΜΕΝΟΣ ΕΞΟΠΛΙΣΜΟΣ,GENERIC,ΚΤ-166729,-,,-,στις 01/10/2014
,ΣΧΟΛΙΚΗ ΕΠΙΤΡΟΠΗ,GA G41M-Combo,ΚΤ-177098,-,,-,στις 16/01/2015
,ΣΧΟΛΙΚΗ ΕΠΙΤΡΟΠΗ,KINGSTON,ΚΤ-177172,-,,-,2256/10 στις 11/12/2014
,ΥΦΙΣΤΑΜΕΝΟΣ ΕΞΟΠΛΙΣΜΟΣ,KINGSTON,ΚΤ-179145,-,,-,στις 01/10/2014
,ΥΦΙΣΤΑΜΕΝΟΣ ΕΞΟΠΛΙΣΜΟΣ,INTEL,ΚΤ-179146,-,,-,στις 01/10/2014
,ΥΦΙΣΤΑΜΕΝΟΣ ΕΞΟΠΛΙΣΜΟΣ,MICRONET SP586A 10/100 16port,ΚΤ-19063,-,,-,στις 01/10/2014
,ΥΦΙΣΤΑΜΕΝΟΣ ΕΞΟΠΛΙΣΜΟΣ,3COM OFFICECONNECT DUAL SPEED SWITCH 8,ΚΤ-19064,3C16794,,-,στις 01/09/2014
,ΥΦΙΣΤΑΜΕΝΟΣ ΕΞΟΠΛΙΣΜΟΣ,3COM OFFICECONNECT DUAL SPEED HUB 16,ΚΤ-19065,3C16754,,-,στις 01/09/2014
,ΣΧΟΛΙΚΗ ΕΠΙΤΡΟΠΗ,Lynx M8,ΚΤ-19070,-,,-,1137 στις 19/12/2013
,ΣΧΟΛΙΚΗ ΕΠΙΤΡΟΠΗ,Lynx M8,ΚΤ-19071,-,,-,1137 στις 19/12/2013
,ΣΧΟΛΙΚΗ ΕΠΙΤΡΟΠΗ,Lynx M8,ΚΤ-19072,-,,-,1137 στις 19/12/2013
,ΣΧΟΛΙΚΗ ΕΠΙΤΡΟΠΗ,Lynx M8,ΚΤ-19073,-,,-,1137 στις 19/12/2013
,ΥΦΙΣΤΑΜΕΝΟΣ ΕΞΟΠΛΙΣΜΟΣ,ΕΑΤΟΝ 9130,ΚΤ-19077,-,,-,στις 01/09/2014
,ΥΦΙΣΤΑΜΕΝΟΣ ΕΞΟΠΛΙΣΜΟΣ,TP-LINK TG-3269,ΚΤ-19078,-,,-,στις 01/09/2014
,ΥΦΙΣΤΑΜΕΝΟΣ ΕΞΟΠΛΙΣΜΟΣ,Ethernet LAN 10BASE-T/100BASE-TX,ΚΤ-19079,0010A7101BB9,,-,στις 01/09/2014
,ΥΦΙΣΤΑΜΕΝΟΣ ΕΞΟΠΛΙΣΜΟΣ,Ethernet LAN 10BASE-T/100BASE-TX,ΚΤ-19080,0010A70FD253,,-,στις 01/09/2014
,ΥΦΙΣΤΑΜΕΝΟΣ ΕΞΟΠΛΙΣΜΟΣ,Ethernet LAN 10BASE-T/100BASE-TX,ΚΤ-19081,12761,,-,στις 01/09/2014
,ΥΦΙΣΤΑΜΕΝΟΣ ΕΞΟΠΛΙΣΜΟΣ,Ethernet LAN 10BASE-T/100BASE-TX,ΚΤ-19082,0010A70FD48A,,-,στις 01/09/2014
,ΥΦΙΣΤΑΜΕΝΟΣ ΕΞΟΠΛΙΣΜΟΣ,Ethernet LAN 10BASE-T/100BASE-TX,ΚΤ-19083,0010A70FD482,,-,στις 01/09/2014
,ΥΦΙΣΤΑΜΕΝΟΣ ΕΞΟΠΛΙΣΜΟΣ,Ethernet LAN 10BASE-T/100BASE-TX,ΚΤ-19084,0010A70FD401,,-,στις 01/09/2014
,ΥΦΙΣΤΑΜΕΝΟΣ ΕΞΟΠΛΙΣΜΟΣ,Ethernet LAN 10BASE-T/100BASE-TX,ΚΤ-19085,93301380,,-,στις 01/09/2014
,ΥΦΙΣΤΑΜΕΝΟΣ ΕΞΟΠΛΙΣΜΟΣ,Ethernet LAN 10BASE-T/100BASE-TX,ΚΤ-19086,93301452,,-,στις 01/09/2014
,ΥΦΙΣΤΑΜΕΝΟΣ ΕΞΟΠΛΙΣΜΟΣ,D-LINK DFE-528TX,ΚΤ-19087,-,,-,στις 01/09/2014
,ΥΦΙΣΤΑΜΕΝΟΣ ΕΞΟΠΛΙΣΜΟΣ,MICRONET SP2500R,ΚΤ-19088,-,,-,στις 01/09/2014
,ΥΦΙΣΤΑΜΕΝΟΣ ΕΞΟΠΛΙΣΜΟΣ,MICRONET SP2500R,ΚΤ-19089,-,,-,στις 01/09/2014
,ΥΦΙΣΤΑΜΕΝΟΣ ΕΞΟΠΛΙΣΜΟΣ,MICRONET SP2500R,ΚΤ-19090,-,,-,στις 01/09/2014
,ΥΦΙΣΤΑΜΕΝΟΣ ΕΞΟΠΛΙΣΜΟΣ,HP DESKJET 610C,ΚΤ-19095,-,,-,στις 01/09/2014
,ΣΧΟΛΙΚΗ ΕΠΙΤΡΟΠΗ,LOGITECH DESKTOP MK120,ΚΤ-368672,1745SC50J7Q8,,-,04298 στις 21/03/2018
,ΣΧΟΛΙΚΗ ΕΠΙΤΡΟΠΗ,LOGITECH DESKTOP MK120,ΚΤ-368673,1745SC50MRE8,,-,04298 στις 21/03/2018
,ΣΧΟΛΙΚΗ ΕΠΙΤΡΟΠΗ,LOGITECH DESKTOP MK120,ΚΤ-368674,1745SC50JG78,,-,04298 στις 21/03/2018
,ΣΧΟΛΙΚΗ ΕΠΙΤΡΟΠΗ,LOGITECH DESKTOP MK120,ΚΤ-368675,1745SC503RM8,,-,04298 στις 21/03/2018
,ΣΧΟΛΙΚΗ ΕΠΙΤΡΟΠΗ,LOGITECH DESKTOP MK120,ΚΤ-368676,1745SC503RG8,,-,04298 στις 21/03/2018
,ΣΧΟΛΙΚΗ ΕΠΙΤΡΟΠΗ,LOGITECH DESKTOP MK120,ΚΤ-368677,1745SC50JEG8,,-,04298 στις 21/03/2018
,ΣΧΟΛΙΚΗ ΕΠΙΤΡΟΠΗ,LOGITECH DESKTOP MK120,ΚΤ-368678,1745SC50MPB8,,-,04298 στις 21/03/2018
,ΣΧΟΛΙΚΗ ΕΠΙΤΡΟΠΗ,LOGITECH DESKTOP MK120,ΚΤ-368679,1745SC50J7H8,,-,04298 στις 21/03/2018
,ΣΧΟΛΙΚΗ ΕΠΙΤΡΟΠΗ,LOGITECH DESKTOP MK120,ΚΤ-368680,1746SC521FW8,,-,04298 στις 21/03/2018
,ΣΧΟΛΙΚΗ ΕΠΙΤΡΟΠΗ,LOGITECH DESKTOP MK120,ΚΤ-368681,1745SC50MRC8,,-,04298 στις 21/03/2018
,ΣΧΟΛΙΚΗ ΕΠΙΤΡΟΠΗ,LOGITECH MK120,ΚΤ-368682,-,,-,04298 στις 21/03/2018
,ΣΧΟΛΙΚΗ ΕΠΙΤΡΟΠΗ,LOGITECH MK120,ΚΤ-368683,-,,-,04298 στις 21/03/2018
,ΣΧΟΛΙΚΗ ΕΠΙΤΡΟΠΗ,LOGITECH MK120,ΚΤ-368684,-,,-,04298 στις 21/03/2018
,ΣΧΟΛΙΚΗ ΕΠΙΤΡΟΠΗ,LOGITECH MK120,ΚΤ-368685,-,,-,04298 στις 21/03/2018
,ΣΧΟΛΙΚΗ ΕΠΙΤΡΟΠΗ,LOGITECH MK120,ΚΤ-368686,-,,-,04298 στις 21/03/2018
,ΣΧΟΛΙΚΗ ΕΠΙΤΡΟΠΗ,LOGITECH MK120,ΚΤ-368687,-,,-,04298 στις 21/03/2018
,ΣΧΟΛΙΚΗ ΕΠΙΤΡΟΠΗ,LOGITECH MK120,ΚΤ-368688,-,,-,04298 στις 21/03/2018
,ΣΧΟΛΙΚΗ ΕΠΙΤΡΟΠΗ,LOGITECH MK120,ΚΤ-368689,-,,-,04298 στις 21/03/2018
,ΣΧΟΛΙΚΗ ΕΠΙΤΡΟΠΗ,LOGITECH MK120,ΚΤ-368690,-,,-,04298 στις 21/03/2018
,ΣΧΟΛΙΚΗ ΕΠΙΤΡΟΠΗ,LOGITECH MK120,ΚΤ-368691,-,,-,04298 στις 21/03/2018
,ΣΧΟΛΙΚΗ ΕΠΙΤΡΟΠΗ,RASPBERRY PI 3 Model B+,ΚΤ-368714,-,,-,60 στις 19/03/2018
,ΣΧΟΛΙΚΗ ΕΠΙΤΡΟΠΗ,RASPBERRY PI 3 Model B+,ΚΤ-368715,-,,-,60 στις 19/03/2018
,ΣΧΟΛΙΚΗ ΕΠΙΤΡΟΠΗ,RASPBERRY PI 3 Model B+,ΚΤ-368716,-,,-,60 στις 19/03/2018
,ΣΧΟΛΙΚΗ ΕΠΙΤΡΟΠΗ,RASPBERRY PI 3 Model B+,ΚΤ-368717,-,,-,60 στις 19/03/2018
,ΣΧΟΛΙΚΗ ΕΠΙΤΡΟΠΗ,RASPBERRY PI 3 Model B+,ΚΤ-368718,-,,-,60 στις 19/03/2018
,ΣΧΟΛΙΚΗ ΕΠΙΤΡΟΠΗ,RASPBERRY PI 3 Model B+,ΚΤ-368719,-,,-,60 στις 19/03/2018
,ΣΧΟΛΙΚΗ ΕΠΙΤΡΟΠΗ,RASPBERRY PI 3 Model B+,ΚΤ-368720,-,,-,60 στις 19/03/2018
,ΣΧΟΛΙΚΗ ΕΠΙΤΡΟΠΗ,RASPBERRY PI 3 Model B+,ΚΤ-368721,-,,-,60 στις 19/03/2018
,ΣΧΟΛΙΚΗ ΕΠΙΤΡΟΠΗ,RASPBERRY PI 3 Model B+,ΚΤ-368722,-,,-,60 στις 19/03/2018
,ΣΧΟΛΙΚΗ ΕΠΙΤΡΟΠΗ,RASPBERRY PI 3 Model B+,ΚΤ-368723,-,,-,60 στις 19/03/2018
ΔΙΟΙΚΗΣΗ(35),ΥΦΙΣΤΑΜΕΝΟΣ ΕΞΟΠΛΙΣΜΟΣ,TP-Link N 300Mbps TL-WR941ND,ΚΤ-125751,-,,-,στις 01/10/2014
,,,,,,,
,ΣΧΟΛΙΚΗ ΕΠΙΤΡΟΠΗ,LG 19EN33S,ΚΤ-16018,309NDEZKQ668,,-,στις 21/10/2014
,ΥΦΙΣΤΑΜΕΝΟΣ ΕΞΟΠΛΙΣΜΟΣ,GENERIC WORKSTATION,ΚΤ-161611,-,WINDOWS XP PROFESSIONAL
GENERIC DDR2 SDRAM 2GB 666MHz
INTEL E7400 CORE 2 DUO 2.8 GHz
SEAGATE BARRACUDA 3.5" SATA 320GB
ASUS P5KPL-AM SE SOCKET 775,-,στις 03/10/2014
,ΥΦΙΣΤΑΜΕΝΟΣ ΕΞΟΠΛΙΣΜΟΣ,GENERIC WORKSTATION,ΚΤ-161612,-,UBUNTU LINUX
GENERIC DDR2 SDRAM 2GB 1066MHz
HITACHI 3.5" SATA 500GB
GA H61M-USB3-B3 (rev. 1.0) SOCKET 1155
INTEL G530 CELERON DUAL CORE 2.4 GHz,-,στις 03/10/2014
,ΥΦΙΣΤΑΜΕΝΟΣ ΕΞΟΠΛΙΣΜΟΣ,GENERIC WORKSTATION,ΚΤ-161613,-,WINDOWS XP PROFESSIONAL
SAMSUNG Spinpoint 3.5" SATA 320GB
INTEL E3400 CELERON DUAL CORE 2.6 GHz
MSI G41M-P33 COMBO RETAIL SOCKET 775
GENERIC DDR SDRAM 1GB 400MHz,-,στις 03/10/2014
,ΥΦΙΣΤΑΜΕΝΟΣ ΕΞΟΠΛΙΣΜΟΣ,TURBO-X B.T.O,ΚΤ-161614,-,LG GSA-H50LRBB LSCRIBE DVD- R/W
GENERIC DDR2 SDRAM 1GB 666MHz x2
WINDOWS VISTA HOME PREMIUM 32bit
ASUS P5KPL-VM SOCKET 775
INTEL E4500 CORE 2 DUO 2.2 GHz
SAMSUNG HM321HI 2.5" SATA 320GB,-,στις 03/10/2014
,ΥΦΙΣΤΑΜΕΝΟΣ ΕΞΟΠΛΙΣΜΟΣ,TURBO-X B.T.O,ΚΤ-161615,-,LG GSA-H50LRBB LSCRIBE DVD- R/W
GENERIC DDR2 SDRAM 1GB 666MHz x2
WINDOWS VISTA HOME PREMIUM 32bit
ASUS P5KPL-VM SOCKET 775
INTEL E4500 CORE 2 DUO 2.2 GHz
SAMSUNG HM321HI 2.5" SATA 320GB,-,στις 03/10/2014
,ΥΦΙΣΤΑΜΕΝΟΣ ΕΞΟΠΛΙΣΜΟΣ,GENERIC WORKSTATION,ΚΤ-161616,-,WINDOWS XP PROFESSIONAL
INTEL PENTIUM IV 2.8 GHz
SEAGATE 3.5" IDE 80GB
GENERIC DDR SDRAM 512MB 400MHz
SIS 648fx SOCKET 478
GENERIC DDR SDRAM 1GB 400MHz
NVIDIA GEFORCE 4 MX440 AGP 64MB,-,στις 03/10/2014
,ΥΦΙΣΤΑΜΕΝΟΣ ΕΞΟΠΛΙΣΜΟΣ,HITACHI ED-S3170A,ΚΤ-162461,-,,-,στις 02/10/2014
,ΥΦΙΣΤΑΜΕΝΟΣ ΕΞΟΠΛΙΣΜΟΣ,TURBO-X ΠΛΗΚΤΡΟΛΟΓΙΟ,ΚΤ-162462,-,,-,στις 02/10/2014
,ΥΦΙΣΤΑΜΕΝΟΣ ΕΞΟΠΛΙΣΜΟΣ,TURBO-X ΠΛΗΚΤΡΟΛΟΓΙΟ,ΚΤ-162463,-,,-,στις 02/10/2014
,ΥΦΙΣΤΑΜΕΝΟΣ ΕΞΟΠΛΙΣΜΟΣ,LG E1942C-BN HD READY BLACK,ΚΤ-162464,-,,-,στις 02/10/2014
,ΥΦΙΣΤΑΜΕΝΟΣ ΕΞΟΠΛΙΣΜΟΣ,BTC OPTICAL MOUSE,ΚΤ-162465,-,,-,στις 02/10/2014
,ΥΦΙΣΤΑΜΕΝΟΣ ΕΞΟΠΛΙΣΜΟΣ,EPSON EMP-TW10,ΚΤ-162466,-,,-,στις 02/10/2014
,ΥΦΙΣΤΑΜΕΝΟΣ ΕΞΟΠΛΙΣΜΟΣ,NETGEAR FS605 5port 10/100,ΚΤ-162467,-,,-,στις 02/10/2014
,ΥΦΙΣΤΑΜΕΝΟΣ ΕΞΟΠΛΙΣΜΟΣ,NETGEAR FS605 5port 10/100,ΚΤ-162468,-,,-,στις 02/10/2014
,ΥΦΙΣΤΑΜΕΝΟΣ ΕΞΟΠΛΙΣΜΟΣ,Microsoft Basic Black Value,ΚΤ-162469,-,,-,στις 02/10/2014
,ΥΦΙΣΤΑΜΕΝΟΣ ΕΞΟΠΛΙΣΜΟΣ,Microsoft Basic Black Value,ΚΤ-162470,-,,-,στις 02/10/2014
,ΥΦΙΣΤΑΜΕΝΟΣ ΕΞΟΠΛΙΣΜΟΣ,TURBO-X MOUSE WIRED,ΚΤ-162471,-,,-,στις 02/10/2014
,ΥΦΙΣΤΑΜΕΝΟΣ ΕΞΟΠΛΙΣΜΟΣ,NETGEAR FS608 8port,ΚΤ-162472,-,,-,στις 02/10/2014
,ΥΦΙΣΤΑΜΕΝΟΣ ΕΞΟΠΛΙΣΜΟΣ,LG W1946,ΚΤ-162473,-,,-,στις 02/10/2014
,ΥΦΙΣΤΑΜΕΝΟΣ ΕΞΟΠΛΙΣΜΟΣ,TURBO-X 72AM,ΚΤ-162474,-,,-,στις 02/10/2014
,ΥΦΙΣΤΑΜΕΝΟΣ ΕΞΟΠΛΙΣΜΟΣ,TURBO-X 72AM,ΚΤ-162475,-,,-,στις 02/10/2014
,ΥΦΙΣΤΑΜΕΝΟΣ ΕΞΟΠΛΙΣΜΟΣ,DELL INSPIRON 1564,ΚΤ-162476,-,SAMSUNG SO DIMM DDR3 2GB 1333MHz
SAMSUNG SO DIMM DDR3 1GB 1066MHz
INTEL CORE i3 2.1 GHz
WINDOWS 7 HOME PREMIUM ΝΕΩΤΕΡΟ
SEAGATE MOMENTUS 2.5" SATA 250GB,-,στις 02/10/2014
,ΥΦΙΣΤΑΜΕΝΟΣ ΕΞΟΠΛΙΣΜΟΣ,MICROSOFT BASIC 1.0A KEYBOARD,ΚΤ-162477,-,,-,στις 02/10/2014
,ΥΦΙΣΤΑΜΕΝΟΣ ΕΞΟΠΛΙΣΜΟΣ,MICROSOFT BASIC 1.0A KEYBOARD,ΚΤ-162478,-,,-,στις 02/10/2014
,ΥΦΙΣΤΑΜΕΝΟΣ ΕΞΟΠΛΙΣΜΟΣ,MICROSOFT BASIC 1.0A KEYBOARD,ΚΤ-162479,-,,-,στις 02/10/2014
,ΥΦΙΣΤΑΜΕΝΟΣ ΕΞΟΠΛΙΣΜΟΣ,HP DESKJET 3920,ΚΤ-162480,-,,-,στις 02/10/2014
,ΥΦΙΣΤΑΜΕΝΟΣ ΕΞΟΠΛΙΣΜΟΣ,LG W1943SS-PF,ΚΤ-162481,-,,-,στις 02/10/2014
,ΥΦΙΣΤΑΜΕΝΟΣ ΕΞΟΠΛΙΣΜΟΣ,SONY VPL CX21,ΚΤ-162482,-,,-,στις 02/10/2014
,ΥΦΙΣΤΑΜΕΝΟΣ ΕΞΟΠΛΙΣΜΟΣ,INNOVATOR,ΚΤ-162483,-,,-,στις 02/10/2014
,ΥΦΙΣΤΑΜΕΝΟΣ ΕΞΟΠΛΙΣΜΟΣ,LEXMARK E360DN,ΚΤ-19096,-,,-,στις 01/09/2014
,ΕΥΡΩΠΑΙΚΑ ΠΡΟΓΡΑΜΜΑΤΑ,EPSON EB-S31,ΚΤ-368692,V11H719040,,-,Δ0 0283996 στις 26/09/2017
,ΣΧΟΛΙΚΗ ΕΠΙΤΡΟΠΗ,ZTE SPEEDPORT ENTRY 2i,ΚΤ-368698,AG8JH6705167,,-,ΔΑ Α1 1311272 στις 06/10/2017
,ΣΧΟΛΙΚΗ ΕΠΙΤΡΟΠΗ,HP 6200 pro,ΚΤ-368713,CZC138CDWF,INTEL 2400s CORE i5 2.5 GHz
SK HYNIX PC 10600 DDR3 SDRAM 2GB 1333MHz x2
HITACHI DESKSTAR 3.5" SATA 250GB
WINDOWS 7 PROFFESIONAL 64bit ΝΕΩΤΕΡΟ,-,ΑΤΙΜ000010 στις 01/02/2018
Εμφάνιση όλωνΑπόκρυψη όλωνΕκτύπωση ΑναφοράςΑρ. Αποτελεσμάτων: 399,,,,,,,
